run_id,structure_id,position_group,manual_group,is_extra_tail_group,x_m,y_m,position_received_packets,position_expected_packets_from_fcnt,position_missing_packets_from_fcnt,position_duplicate_fcnt_packets,position_fcnt_min,position_fcnt_max,position_packet_delivery_rate,position_packet_loss_rate,position_data_loss_rate
2026-06-25_R1183_01,R1183,1,1,False,-2.0,4.949999999999999,9,9,0,0,1207,1215,1.0,0.0,0.0
2026-06-25_R1183_01,R1183,2,2,False,-15.636,4.949999999999999,12,12,0,0,1216,1227,1.0,0.0,0.0
2026-06-25_R1183_01,R1183,3,3,False,-29.272,4.949999999999999,8,8,0,0,1228,1235,1.0,0.0,0.0
2026-06-25_R1183_01,R1183,4,4,False,-42.908,4.949999999999999,9,9,0,0,1236,1244,1.0,0.0,0.0
2026-06-25_R1183_01,R1183,5,5,False,-56.544,4.949999999999999,11,11,0,0,1245,1255,1.0,0.0,0.0
2026-06-25_R1183_01,R1183,6,6,False,-70.17999999999999,4.949999999999999,12,12,0,0,1256,1267,1.0,0.0,0.0
2026-06-25_R1183_01,R1183,7,7,False,-83.816,4.949999999999999,8,8,0,0,1268,1275,1.0,0.0,0.0
2026-06-25_R1183_01,R1183,8,8,False,-97.452,4.949999999999999,9,9,0,0,1276,1284,1.0,0.0,0.0
2026-06-25_R1183_01,R1183,9,9,False,-111.088,4.949999999999999,5,6,1,0,1288,1293,0.8333333333333334,0.16666666666666666,0.16666666666666666
2026-06-25_R1183_01,R1183,10,10,False,-124.72399999999999,4.949999999999999,5,9,4,0,1294,1302,0.5555555555555556,0.4444444444444444,0.4444444444444444
2026-06-25_R1183_01,R1183,11,11,False,-138.35999999999999,4.949999999999999,2,3,1,0,1307,1309,0.6666666666666666,0.3333333333333333,0.3333333333333333
2026-06-25_R1183_01,R1183,12,12,False,-161.99599999999998,4.949999999999999,6,9,3,0,1313,1321,0.6666666666666666,0.3333333333333333,0.3333333333333333
2026-06-25_R1183_01,R1183,7,13,True,-83.816,4.949999999999999,39,1355,1316,0,7,1361,0.028782287822878228,0.9712177121771217,0.9712177121771217
2026-06-25_R1185_01,R1185,1,1,False,-2.0,1.65,14,14,0,0,316,329,1.0,0.0,0.0
2026-06-25_R1185_01,R1185,2,2,False,-15.636,1.65,14,14,0,0,330,343,1.0,0.0,0.0
2026-06-25_R1185_01,R1185,3,3,False,-29.272,1.65,15,15,0,0,344,358,1.0,0.0,0.0
2026-06-25_R1185_01,R1185,4,4,False,-42.908,1.65,13,13,0,0,359,371,1.0,0.0,0.0
2026-06-25_R1185_01,R1185,5,5,False,-56.544,1.65,12,12,0,0,372,383,1.0,0.0,0.0
2026-06-25_R1185_01,R1185,6,6,False,-70.17999999999999,1.65,13,13,0,0,384,396,1.0,0.0,0.0
2026-06-25_R1185_01,R1185,7,7,False,-83.816,1.65,5,11,6,0,397,407,0.45454545454545453,0.5454545454545454,0.5454545454545454
2026-06-25_R1185_01,R1185,8,8,False,-97.452,1.65,6,13,7,0,409,421,0.46153846153846156,0.5384615384615384,0.5384615384615384
2026-06-25_R1185_01,R1185,9,9,False,-111.088,1.65,13,15,2,0,423,437,0.8666666666666667,0.13333333333333333,0.13333333333333333
2026-06-25_R1185_01,R1185,10,10,False,-124.72399999999999,1.65,6,11,5,0,441,451,0.5454545454545454,0.45454545454545453,0.45454545454545453
2026-06-25_R1185_01,R1185,11,11,False,-138.35999999999999,1.65,3,4,1,0,454,457,0.75,0.25,0.25
2026-06-25_R1185_01,R1185,12,12,False,-161.99599999999998,1.65,4,9,5,0,462,470,0.4444444444444444,0.5555555555555556,0.5555555555555556
2026-06-25_R1185_01,R1185,7,13,True,-83.816,1.65,85,555,470,0,3,557,0.15315315315315314,0.8468468468468469,0.8468468468468469
2026-06-25_R1187_01,R1187,1,1,False,-2.0,-1.65,12,12,0,0,558,569,1.0,0.0,0.0
2026-06-25_R1187_01,R1187,2,2,False,-15.636,-1.65,11,11,0,0,570,580,1.0,0.0,0.0
2026-06-25_R1187_01,R1187,3,3,False,-29.272,-1.65,12,12,0,0,581,592,1.0,0.0,0.0
2026-06-25_R1187_01,R1187,4,4,False,-42.908,-1.65,9,9,0,0,593,601,1.0,0.0,0.0
2026-06-25_R1187_01,R1187,5,5,False,-56.544,-1.65,11,11,0,0,602,612,1.0,0.0,0.0
2026-06-25_R1187_01,R1187,6,6,False,-70.17999999999999,-1.65,11,11,0,0,613,623,1.0,0.0,0.0
2026-06-25_R1187_01,R1187,7,7,False,-83.816,-1.65,44,44,0,0,624,667,1.0,0.0,0.0
2026-06-25_R1187_01,R1187,8,8,False,-97.452,-1.65,9,10,1,0,668,677,0.9,0.1,0.1
2026-06-25_R1187_01,R1187,9,9,False,-111.088,-1.65,12,13,1,0,678,690,0.9230769230769231,0.07692307692307693,0.07692307692307693
2026-06-25_R1187_01,R1187,10,10,False,-124.72399999999999,-1.65,4,9,5,0,692,700,0.4444444444444444,0.5555555555555556,0.5555555555555556
2026-06-25_R1187_01,R1187,11,11,False,-138.35999999999999,-1.65,6,8,2,0,703,710,0.75,0.25,0.25
2026-06-25_R1189_01,R1189,1,1,False,-2.0,-4.949999999999999,9,9,0,0,721,729,1.0,0.0,0.0
2026-06-25_R1189_01,R1189,2,2,False,-15.636,-4.949999999999999,10,10,0,0,730,739,1.0,0.0,0.0
2026-06-25_R1189_01,R1189,3,3,False,-29.272,-4.949999999999999,11,11,0,0,740,750,1.0,0.0,0.0
2026-06-25_R1189_01,R1189,4,4,False,-42.908,-4.949999999999999,9,9,0,0,751,759,1.0,0.0,0.0
2026-06-25_R1189_01,R1189,5,5,False,-56.544,-4.949999999999999,9,9,0,0,760,768,1.0,0.0,0.0
2026-06-25_R1189_01,R1189,6,6,False,-70.17999999999999,-4.949999999999999,15,15,0,0,769,783,1.0,0.0,0.0
2026-06-25_R1189_01,R1189,7,7,False,-83.816,-4.949999999999999,30,30,0,0,784,813,1.0,0.0,0.0
2026-06-25_R1189_01,R1189,8,8,False,-97.452,-4.949999999999999,13,13,0,0,814,826,1.0,0.0,0.0
2026-06-25_R1189_01,R1189,9,9,False,-111.088,-4.949999999999999,5,10,5,0,827,836,0.5,0.5,0.5
2026-06-25_R1189_01,R1189,10,10,False,-124.72399999999999,-4.949999999999999,5,6,1,0,843,848,0.8333333333333334,0.16666666666666666,0.16666666666666666
2026-06-25_R1189_01,R1189,11,11,False,-138.35999999999999,-4.949999999999999,5,7,2,0,850,856,0.7142857142857143,0.2857142857142857,0.2857142857142857
2026-06-25_R1189_01,R1189,12,12,False,-161.99599999999998,-4.949999999999999,1,1,0,0,860,860,1.0,0.0,0.0
2026-06-25_R1352_01,R1352,1,1,False,2.0,-4.949999999999999,13,13,0,0,870,882,1.0,0.0,0.0
2026-06-25_R1352_01,R1352,2,2,False,15.636,-4.949999999999999,10,10,0,0,883,892,1.0,0.0,0.0
2026-06-25_R1352_01,R1352,3,3,False,29.272,-4.949999999999999,9,9,0,0,893,901,1.0,0.0,0.0
2026-06-25_R1352_01,R1352,4,4,False,42.908,-4.949999999999999,13,909,896,0,5,913,0.014301430143014302,0.9856985698569857,0.9856985698569857
2026-06-25_R1352_01,R1352,5,5,False,56.544,-4.949999999999999,13,13,0,0,914,926,1.0,0.0,0.0
2026-06-25_R1352_01,R1352,6,6,False,70.17999999999999,-4.949999999999999,6,6,0,0,927,932,1.0,0.0,0.0
2026-06-25_R1352_01,R1352,7,7,False,83.816,-4.949999999999999,29,29,0,0,933,961,1.0,0.0,0.0
2026-06-25_R1352_01,R1352,8,8,False,97.452,-4.949999999999999,11,11,0,0,962,972,1.0,0.0,0.0
2026-06-25_R1352_01,R1352,9,9,False,111.088,-4.949999999999999,8,8,0,0,973,980,1.0,0.0,0.0
2026-06-25_R1352_01,R1352,10,10,False,124.72399999999999,-4.949999999999999,11,15,4,0,981,995,0.7333333333333333,0.26666666666666666,0.26666666666666666
2026-06-25_R1352_01,R1352,11,11,False,138.35999999999999,-4.949999999999999,2,2,0,0,1004,1005,1.0,0.0,0.0
2026-06-25_R1352_01,R1352,12,12,False,161.99599999999998,-4.949999999999999,8,9,1,0,1006,1014,0.8888888888888888,0.1111111111111111,0.1111111111111111
2026-06-25_R1354_01,R1354,1,1,False,2.0,-1.65,9,9,0,0,58,66,1.0,0.0,0.0
2026-06-25_R1354_01,R1354,2,2,False,15.636,-1.65,13,13,0,0,67,79,1.0,0.0,0.0
2026-06-25_R1354_01,R1354,3,3,False,29.272,-1.65,10,10,0,0,80,89,1.0,0.0,0.0
2026-06-25_R1354_01,R1354,4,4,False,42.908,-1.65,10,10,0,0,90,99,1.0,0.0,0.0
2026-06-25_R1354_01,R1354,5,5,False,56.544,-1.65,9,9,0,0,100,108,1.0,0.0,0.0
2026-06-25_R1354_01,R1354,6,6,False,70.17999999999999,-1.65,10,10,0,0,109,118,1.0,0.0,0.0
2026-06-25_R1354_01,R1354,7,7,False,83.816,-1.65,10,10,0,0,119,128,1.0,0.0,0.0
2026-06-25_R1354_01,R1354,8,8,False,97.452,-1.65,9,10,1,0,129,138,0.9,0.1,0.1
2026-06-25_R1354_01,R1354,9,9,False,111.088,-1.65,10,10,0,0,139,148,1.0,0.0,0.0
2026-06-25_R1354_01,R1354,10,10,False,124.72399999999999,-1.65,9,10,1,0,149,158,0.9,0.1,0.1
2026-06-25_R1354_01,R1354,11,11,False,138.35999999999999,-1.65,8,9,1,0,159,167,0.8888888888888888,0.1111111111111111,0.1111111111111111
2026-06-25_R1356_01,R1356,1,1,False,2.0,1.65,16,16,0,0,183,198,1.0,0.0,0.0
2026-06-25_R1356_01,R1356,2,2,False,15.636,1.65,10,10,0,0,199,208,1.0,0.0,0.0
2026-06-25_R1356_01,R1356,3,3,False,29.272,1.65,8,8,0,0,209,216,1.0,0.0,0.0
2026-06-25_R1356_01,R1356,4,4,False,42.908,1.65,8,8,0,0,217,224,1.0,0.0,0.0
2026-06-25_R1356_01,R1356,5,5,False,56.544,1.65,9,9,0,0,225,233,1.0,0.0,0.0
2026-06-25_R1356_01,R1356,6,6,False,70.17999999999999,1.65,9,9,0,0,234,242,1.0,0.0,0.0
2026-06-25_R1356_01,R1356,7,7,False,83.816,1.65,10,10,0,0,243,252,1.0,0.0,0.0
2026-06-25_R1356_01,R1356,8,8,False,97.452,1.65,11,11,0,0,253,263,1.0,0.0,0.0
2026-06-25_R1356_01,R1356,9,9,False,111.088,1.65,7,7,0,0,264,270,1.0,0.0,0.0
2026-06-25_R1356_01,R1356,10,10,False,124.72399999999999,1.65,5,6,1,0,271,276,0.8333333333333334,0.16666666666666666,0.16666666666666666
2026-06-25_R1356_01,R1356,11,11,False,138.35999999999999,1.65,8,8,0,0,277,284,1.0,0.0,0.0
2026-06-25_R1356_01,R1356,12,12,False,161.99599999999998,1.65,5,5,0,0,285,289,1.0,0.0,0.0
2026-06-25_R1356_01,R1356,7,13,True,83.816,1.65,18,307,289,0,2,308,0.05863192182410423,0.9413680781758957,0.9413680781758957
2026-06-25_R1358_01,R1358,1,1,False,2.0,4.949999999999999,11,11,0,0,1018,1028,1.0,0.0,0.0
2026-06-25_R1358_01,R1358,2,2,False,15.636,4.949999999999999,11,11,0,0,1029,1039,1.0,0.0,0.0
2026-06-25_R1358_01,R1358,3,3,False,29.272,4.949999999999999,11,11,0,0,1040,1050,1.0,0.0,0.0
2026-06-25_R1358_01,R1358,4,4,False,42.908,4.949999999999999,14,14,0,0,1051,1064,1.0,0.0,0.0
2026-06-25_R1358_01,R1358,5,5,False,56.544,4.949999999999999,8,8,0,0,1065,1072,1.0,0.0,0.0
2026-06-25_R1358_01,R1358,6,6,False,70.17999999999999,4.949999999999999,15,15,0,0,1073,1087,1.0,0.0,0.0
2026-06-25_R1358_01,R1358,7,7,False,83.816,4.949999999999999,10,10,0,0,1088,1097,1.0,0.0,0.0
2026-06-25_R1358_01,R1358,8,8,False,97.452,4.949999999999999,13,1105,1092,0,6,1110,0.011764705882352941,0.9882352941176471,0.9882352941176471
2026-06-25_R1358_01,R1358,9,9,False,111.088,4.949999999999999,10,10,0,0,1111,1120,1.0,0.0,0.0
2026-06-25_R1358_01,R1358,10,10,False,124.72399999999999,4.949999999999999,8,10,2,0,1121,1130,0.8,0.2,0.2
2026-06-25_R1358_01,R1358,11,11,False,138.35999999999999,4.949999999999999,6,9,3,0,1136,1144,0.6666666666666666,0.3333333333333333,0.3333333333333333
2026-06-25_R1358_01,R1358,12,12,False,161.99599999999998,4.949999999999999,6,8,2,0,1146,1153,0.75,0.25,0.25
2026-06-25_R1358_01,R1358,7,13,True,83.816,4.949999999999999,48,48,0,0,1158,1205,1.0,0.0,0.0
2026-06-25_R1360_01,R1360,1,1,False,2.0,8.25,9,9,0,0,1363,1371,1.0,0.0,0.0
2026-06-25_R1360_01,R1360,2,2,False,15.636,8.25,12,12,0,0,1372,1383,1.0,0.0,0.0
2026-06-25_R1360_01,R1360,3,3,False,29.272,8.25,9,9,0,0,1384,1392,1.0,0.0,0.0
2026-06-25_R1360_01,R1360,4,4,False,42.908,8.25,10,10,0,0,1393,1402,1.0,0.0,0.0
2026-06-25_R1360_01,R1360,5,5,False,56.544,8.25,10,10,0,0,1403,1412,1.0,0.0,0.0
2026-06-25_R1360_01,R1360,6,6,False,70.17999999999999,8.25,9,9,0,0,1413,1421,1.0,0.0,0.0
2026-06-25_R1360_01,R1360,7,7,False,83.816,8.25,11,11,0,0,1422,1432,1.0,0.0,0.0
2026-06-25_R1360_01,R1360,8,8,False,97.452,8.25,11,11,0,0,1433,1443,1.0,0.0,0.0
2026-06-25_R1360_01,R1360,9,9,False,111.088,8.25,11,11,0,0,1444,1454,1.0,0.0,0.0
2026-06-25_R1360_01,R1360,10,10,False,124.72399999999999,8.25,10,10,0,0,1455,1464,1.0,0.0,0.0
2026-06-25_R1360_01,R1360,11,11,False,138.35999999999999,8.25,7,9,2,0,1465,1473,0.7777777777777778,0.2222222222222222,0.2222222222222222
2026-06-25_R1360_01,R1360,12,12,False,161.99599999999998,8.25,10,17,7,0,1474,1490,0.5882352941176471,0.4117647058823529,0.4117647058823529
2026-06-25_R1360_01,R1360,7,13,True,83.816,8.25,71,1555,1484,0,8,1562,0.04565916398713826,0.9543408360128617,0.9543408360128617
2026-06-29_R1181_01,R1181,1,1,False,-2.0,8.25,32,35,3,0,1943,1977,0.9142857142857143,0.08571428571428572,0.08571428571428572
2026-06-29_R1181_01,R1181,2,2,False,-15.636,8.25,20,29,9,0,1959,1987,0.6896551724137931,0.3103448275862069,0.3103448275862069
2026-06-29_R1181_01,R1181,3,3,False,-29.272,8.25,24,31,7,0,1969,1999,0.7741935483870968,0.22580645161290322,0.22580645161290322
2026-06-29_R1181_01,R1181,4,4,False,-42.908,8.25,29,35,6,3,1981,2015,0.8285714285714286,0.17142857142857143,0.17142857142857143
2026-06-29_R1181_01,R1181,5,5,False,-56.544,8.25,23,34,11,1,1994,2027,0.6764705882352942,0.3235294117647059,0.3235294117647059
2026-06-29_R1181_01,R1181,6,6,False,-70.17999999999999,8.25,26,36,10,0,2005,2040,0.7222222222222222,0.2777777777777778,0.2777777777777778
2026-06-29_R1181_01,R1181,7,7,False,-83.816,8.25,79,79,0,33,2018,2096,1.0,0.0,0.0
2026-06-29_R1181_01,R1181,8,8,False,-97.452,8.25,28,38,10,0,2073,2110,0.7368421052631579,0.2631578947368421,0.2631578947368421
2026-06-29_R1181_01,R1181,9,9,False,-111.088,8.25,30,39,9,0,2087,2125,0.7692307692307693,0.23076923076923078,0.23076923076923078
2026-06-29_R1181_01,R1181,10,10,False,-124.72399999999999,8.25,42,45,3,0,2102,2146,0.9333333333333333,0.06666666666666667,0.06666666666666667
2026-06-29_R1181_01,R1181,11,11,False,-138.35999999999999,8.25,16,32,16,0,2123,2154,0.5,0.5,0.5
2026-06-29_R1181_01,R1181,12,12,False,-161.99599999999998,8.25,19,33,14,2,2132,2164,0.5757575757575758,0.42424242424242425,0.42424242424242425
2026-06-29_R1191_01,R1191,1,1,False,-2.0,-8.25,13,13,0,11,457,469,1.0,0.0,0.0
2026-06-29_R1191_01,R1191,2,2,False,-15.636,-8.25,13,13,0,11,469,481,1.0,0.0,0.0
2026-06-29_R1191_01,R1191,3,3,False,-29.272,-8.25,15,15,0,13,481,495,1.0,0.0,0.0
2026-06-29_R1191_01,R1191,4,4,False,-42.908,-8.25,16,16,0,14,495,510,1.0,0.0,0.0
2026-06-29_R1191_01,R1191,5,5,False,-56.544,-8.25,13,13,0,11,510,522,1.0,0.0,0.0
2026-06-29_R1191_01,R1191,6,6,False,-70.17999999999999,-8.25,14,14,0,13,522,535,1.0,0.0,0.0
2026-06-29_R1191_01,R1191,7,7,False,-83.816,-8.25,48,48,0,45,535,582,1.0,0.0,0.0
2026-06-29_R1191_01,R1191,8,8,False,-97.452,-8.25,20,20,0,10,578,597,1.0,0.0,0.0
2026-06-29_R1191_01,R1191,9,9,False,-111.088,-8.25,17,17,0,7,593,609,1.0,0.0,0.0
2026-06-29_R1191_01,R1191,10,10,False,-124.72399999999999,-8.25,18,18,0,8,605,622,1.0,0.0,0.0
2026-06-29_R1191_01,R1191,11,11,False,-138.35999999999999,-8.25,22,22,0,12,618,639,1.0,0.0,0.0
2026-06-29_R1191_01,R1191,12,12,False,-161.99599999999998,-8.25,18,18,0,6,634,651,1.0,0.0,0.0
2026-06-29_R1193_01,R1193,2,2,False,-15.636,-11.549999999999999,25,25,0,9,659,683,1.0,0.0,0.0
2026-06-29_R1193_01,R1193,3,3,False,-29.272,-11.549999999999999,23,23,0,7,676,698,1.0,0.0,0.0
2026-06-29_R1193_01,R1193,4,4,False,-42.908,-11.549999999999999,23,23,0,7,691,713,1.0,0.0,0.0
2026-06-29_R1193_01,R1193,5,5,False,-56.544,-11.549999999999999,21,21,0,4,705,725,1.0,0.0,0.0
2026-06-29_R1193_01,R1193,6,6,False,-70.17999999999999,-11.549999999999999,19,19,0,2,718,736,1.0,0.0,0.0
2026-06-29_R1193_01,R1193,7,7,False,-83.816,-11.549999999999999,48,48,0,30,728,775,1.0,0.0,0.0
2026-06-29_R1193_01,R1193,8,8,False,-97.452,-11.549999999999999,21,21,0,2,766,786,1.0,0.0,0.0
2026-06-29_R1193_01,R1193,9,9,False,-111.088,-11.549999999999999,25,25,0,6,778,802,1.0,0.0,0.0
2026-06-29_R1193_01,R1193,10,10,False,-124.72399999999999,-11.549999999999999,18,20,2,0,792,811,0.9,0.1,0.1
2026-06-29_R1193_01,R1193,11,11,False,-138.35999999999999,-11.549999999999999,14,19,5,2,801,819,0.7368421052631579,0.2631578947368421,0.2631578947368421
2026-06-29_R1193_01,R1193,12,12,False,-161.99599999999998,-11.549999999999999,16,18,2,0,810,827,0.8888888888888888,0.1111111111111111,0.1111111111111111
2026-06-29_R1197_01,R1197,1,1,False,-2.0,-18.15,21,21,0,1,986,1006,1.0,0.0,0.0
2026-06-29_R1197_01,R1197,2,2,False,-15.636,-18.15,21,21,0,1,997,1017,1.0,0.0,0.0
2026-06-29_R1197_01,R1197,3,3,False,-29.272,-18.15,23,23,0,4,1008,1030,1.0,0.0,0.0
2026-06-29_R1197_01,R1197,4,4,False,-42.908,-18.15,15,17,2,0,1022,1038,0.8823529411764706,0.11764705882352941,0.11764705882352941
2026-06-29_R1197_01,R1197,5,5,False,-56.544,-18.15,20,20,0,0,1029,1048,1.0,0.0,0.0
2026-06-29_R1197_01,R1197,6,6,False,-70.17999999999999,-18.15,28,28,0,8,1039,1066,1.0,0.0,0.0
2026-06-29_R1197_01,R1197,7,7,False,-83.816,-18.15,36,36,0,16,1057,1092,1.0,0.0,0.0
2026-06-29_R1197_01,R1197,8,8,False,-97.452,-18.15,16,18,2,0,1083,1100,0.8888888888888888,0.1111111111111111,0.1111111111111111
2026-06-29_R1197_01,R1197,9,9,False,-111.088,-18.15,19,20,1,3,1092,1111,0.95,0.05,0.05
2026-06-29_R1197_01,R1197,10,10,False,-124.72399999999999,-18.15,19,19,0,1,1103,1121,1.0,0.0,0.0
2026-06-29_R1197_01,R1197,11,11,False,-138.35999999999999,-18.15,23,23,0,5,1113,1135,1.0,0.0,0.0
2026-06-29_R1197_01,R1197,12,12,False,-161.99599999999998,-18.15,22,22,0,4,1127,1148,1.0,0.0,0.0
2026-06-29_R1332_01,R1332,2,2,False,15.636,-37.949999999999996,32,32,0,0,1672,1703,1.0,0.0,0.0
2026-06-29_R1332_01,R1332,3,3,False,29.272,-37.949999999999996,34,34,0,2,1688,1721,1.0,0.0,0.0
2026-06-29_R1332_01,R1332,4,4,False,42.908,-37.949999999999996,36,36,0,4,1706,1741,1.0,0.0,0.0
2026-06-29_R1332_01,R1332,5,5,False,56.544,-37.949999999999996,32,32,0,0,1726,1757,1.0,0.0,0.0
2026-06-29_R1332_01,R1332,6,6,False,70.17999999999999,-37.949999999999996,37,37,0,5,1742,1778,1.0,0.0,0.0
2026-06-29_R1332_01,R1332,7,7,False,83.816,-37.949999999999996,32,32,0,0,1763,1794,1.0,0.0,0.0
2026-06-29_R1332_01,R1332,8,8,False,97.452,-37.949999999999996,33,33,0,1,1779,1811,1.0,0.0,0.0
2026-06-29_R1332_01,R1332,9,9,False,111.088,-37.949999999999996,38,38,0,6,1796,1833,1.0,0.0,0.0
2026-06-29_R1332_01,R1332,10,10,False,124.72399999999999,-37.949999999999996,37,37,0,2,1816,1852,1.0,0.0,0.0
2026-06-29_R1332_01,R1332,11,11,False,138.35999999999999,-37.949999999999996,35,36,1,0,1835,1870,0.9722222222222222,0.027777777777777776,0.027777777777777776
2026-06-29_R1332_01,R1332,12,12,False,161.99599999999998,-37.949999999999996,34,36,2,0,1852,1887,0.9444444444444444,0.05555555555555555,0.05555555555555555
2026-06-29_R1336_01,R1336,2,2,False,15.636,-31.349999999999998,32,32,0,4,1448,1479,1.0,0.0,0.0
2026-06-29_R1336_01,R1336,3,3,False,29.272,-31.349999999999998,26,27,1,0,1466,1492,0.9629629629629629,0.037037037037037035,0.037037037037037035
2026-06-29_R1336_01,R1336,4,4,False,42.908,-31.349999999999998,28,28,0,0,1479,1506,1.0,0.0,0.0
2026-06-29_R1336_01,R1336,5,5,False,56.544,-31.349999999999998,26,27,1,0,1493,1519,0.9629629629629629,0.037037037037037035,0.037037037037037035
2026-06-29_R1336_01,R1336,6,6,False,70.17999999999999,-31.349999999999998,24,26,2,0,1506,1531,0.9230769230769231,0.07692307692307693,0.07692307692307693
2026-06-29_R1336_01,R1336,7,7,False,83.816,-31.349999999999998,24,26,2,0,1518,1543,0.9230769230769231,0.07692307692307693,0.07692307692307693
2026-06-29_R1336_01,R1336,8,8,False,97.452,-31.349999999999998,28,28,0,0,1530,1557,1.0,0.0,0.0
2026-06-29_R1336_01,R1336,9,9,False,111.088,-31.349999999999998,29,29,0,1,1544,1572,1.0,0.0,0.0
2026-06-29_R1336_01,R1336,10,10,False,124.72399999999999,-31.349999999999998,24,26,2,0,1559,1584,0.9230769230769231,0.07692307692307693,0.07692307692307693
2026-06-29_R1336_01,R1336,11,11,False,138.35999999999999,-31.349999999999998,24,26,2,0,1571,1596,0.9230769230769231,0.07692307692307693,0.07692307692307693
2026-06-29_R1336_01,R1336,12,12,False,161.99599999999998,-31.349999999999998,25,27,2,1,1583,1609,0.9259259259259259,0.07407407407407407,0.07407407407407407
2026-06-29_R1340_01,R1340,1,1,False,2.0,-24.75,25,25,0,7,1150,1174,1.0,0.0,0.0
2026-06-29_R1340_01,R1340,2,2,False,15.636,-24.75,25,25,0,7,1166,1190,1.0,0.0,0.0
2026-06-29_R1340_01,R1340,3,3,False,29.272,-24.75,23,23,0,5,1182,1204,1.0,0.0,0.0
2026-06-29_R1340_01,R1340,4,4,False,42.908,-24.75,30,30,0,12,1196,1225,1.0,0.0,0.0
2026-06-29_R1340_01,R1340,5,5,False,56.544,-24.75,20,20,0,0,1216,1235,1.0,0.0,0.0
2026-06-29_R1340_01,R1340,6,6,False,70.17999999999999,-24.75,27,27,0,7,1226,1252,1.0,0.0,0.0
2026-06-29_R1340_01,R1340,7,7,False,83.816,-24.75,30,30,0,10,1243,1272,1.0,0.0,0.0
2026-06-29_R1340_01,R1340,8,8,False,97.452,-24.75,33,33,0,13,1263,1295,1.0,0.0,0.0
2026-06-29_R1340_01,R1340,9,9,False,111.088,-24.75,33,33,0,11,1285,1317,1.0,0.0,0.0
2026-06-29_R1340_01,R1340,10,10,False,124.72399999999999,-24.75,28,28,0,4,1306,1333,1.0,0.0,0.0
2026-06-29_R1340_01,R1340,11,11,False,138.35999999999999,-24.75,42,42,0,18,1322,1363,1.0,0.0,0.0
2026-06-29_R1340_01,R1340,12,12,False,161.99599999999998,-24.75,21,22,1,0,1352,1373,0.9545454545454546,0.045454545454545456,0.045454545454545456
2026-06-29_R1344_01,R1344,1,1,False,2.0,-18.15,26,26,0,6,820,845,1.0,0.0,0.0
2026-06-29_R1344_01,R1344,2,2,False,15.636,-18.15,18,19,1,0,836,854,0.9473684210526315,0.05263157894736842,0.05263157894736842
2026-06-29_R1344_01,R1344,3,3,False,29.272,-18.15,28,28,0,8,845,872,1.0,0.0,0.0
2026-06-29_R1344_01,R1344,4,4,False,42.908,-18.15,22,22,0,2,863,884,1.0,0.0,0.0
2026-06-29_R1344_01,R1344,5,5,False,56.544,-18.15,22,22,0,2,875,896,1.0,0.0,0.0
2026-06-29_R1344_01,R1344,6,6,False,70.17999999999999,-18.15,20,20,0,0,887,906,1.0,0.0,0.0
2026-06-29_R1344_01,R1344,7,7,False,83.816,-18.15,38,38,0,18,897,934,1.0,0.0,0.0
2026-06-29_R1344_01,R1344,8,8,False,97.452,-18.15,21,21,0,1,925,945,1.0,0.0,0.0
2026-06-29_R1344_01,R1344,9,9,False,111.088,-18.15,21,21,0,1,936,956,1.0,0.0,0.0
2026-06-29_R1344_01,R1344,10,10,False,124.72399999999999,-18.15,23,23,0,3,947,969,1.0,0.0,0.0
2026-06-29_R1344_01,R1344,11,11,False,138.35999999999999,-18.15,18,19,1,0,960,978,0.9473684210526315,0.05263157894736842,0.05263157894736842
2026-06-29_R1344_01,R1344,12,12,False,161.99599999999998,-18.15,22,22,0,2,969,990,1.0,0.0,0.0
2026-06-29_R1348_01,R1348,1,1,False,2.0,-11.549999999999999,19,19,0,17,20,38,1.0,0.0,0.0
2026-06-29_R1348_01,R1348,2,2,False,15.636,-11.549999999999999,19,19,0,17,38,56,1.0,0.0,0.0
2026-06-29_R1348_01,R1348,3,3,False,29.272,-11.549999999999999,14,14,0,12,56,69,1.0,0.0,0.0
2026-06-29_R1348_01,R1348,4,4,False,42.908,-11.549999999999999,17,17,0,15,69,85,1.0,0.0,0.0
2026-06-29_R1348_01,R1348,5,5,False,56.544,-11.549999999999999,17,17,0,15,85,101,1.0,0.0,0.0
2026-06-29_R1348_01,R1348,6,6,False,70.17999999999999,-11.549999999999999,16,16,0,14,101,116,1.0,0.0,0.0
2026-06-29_R1348_01,R1348,7,7,False,83.816,-11.549999999999999,11,11,0,9,116,126,1.0,0.0,0.0
2026-06-29_R1348_01,R1348,8,8,False,97.452,-11.549999999999999,18,18,0,16,126,143,1.0,0.0,0.0
2026-06-29_R1348_01,R1348,9,9,False,111.088,-11.549999999999999,13,13,0,11,143,155,1.0,0.0,0.0
2026-06-29_R1348_01,R1348,10,10,False,124.72399999999999,-11.549999999999999,16,16,0,14,155,170,1.0,0.0,0.0
2026-06-29_R1348_01,R1348,11,11,False,138.35999999999999,-11.549999999999999,14,14,0,12,170,183,1.0,0.0,0.0
2026-06-29_R1348_01,R1348,12,12,False,161.99599999999998,-11.549999999999999,18,18,0,16,183,200,1.0,0.0,0.0
2026-06-29_R1348_01,R1348,7,13,True,83.816,-11.549999999999999,41,41,0,39,201,241,1.0,0.0,0.0
2026-06-29_R1350_01,R1350,1,1,False,2.0,-8.25,13,13,0,11,241,253,1.0,0.0,0.0
2026-06-29_R1350_01,R1350,2,2,False,15.636,-8.25,13,13,0,11,253,265,1.0,0.0,0.0
2026-06-29_R1350_01,R1350,3,3,False,29.272,-8.25,19,19,0,17,265,283,1.0,0.0,0.0
2026-06-29_R1350_01,R1350,4,4,False,42.908,-8.25,11,11,0,9,283,293,1.0,0.0,0.0
2026-06-29_R1350_01,R1350,5,5,False,56.544,-8.25,17,17,0,15,293,309,1.0,0.0,0.0
2026-06-29_R1350_01,R1350,6,6,False,70.17999999999999,-8.25,16,16,0,14,309,324,1.0,0.0,0.0
2026-06-29_R1350_01,R1350,7,7,False,83.816,-8.25,49,49,0,47,324,372,1.0,0.0,0.0
2026-06-29_R1350_01,R1350,8,8,False,97.452,-8.25,15,15,0,13,372,386,1.0,0.0,0.0
2026-06-29_R1350_01,R1350,9,9,False,111.088,-8.25,21,21,0,19,386,406,1.0,0.0,0.0
2026-06-29_R1350_01,R1350,10,10,False,124.72399999999999,-8.25,17,17,0,17,406,422,1.0,0.0,0.0
2026-06-29_R1350_01,R1350,11,11,False,138.35999999999999,-8.25,19,19,0,19,423,441,1.0,0.0,0.0
2026-06-29_R1350_01,R1350,12,12,False,161.99599999999998,-8.25,16,16,0,16,442,457,1.0,0.0,0.0
2026-06-29_R1368_01,R1368,1,1,False,2.0,21.45,48,49,1,0,2147,2195,0.9795918367346939,0.02040816326530612,0.02040816326530612
2026-06-29_R1368_01,R1368,2,2,False,15.636,21.45,26,38,12,0,2171,2208,0.6842105263157895,0.3157894736842105,0.3157894736842105
2026-06-29_R1368_01,R1368,3,3,False,29.272,21.45,24,37,13,0,2184,2220,0.6486486486486487,0.35135135135135137,0.35135135135135137
2026-06-29_R1368_01,R1368,4,4,False,42.908,21.45,32,41,9,0,2196,2236,0.7804878048780488,0.21951219512195122,0.21951219512195122
2026-06-29_R1368_01,R1368,5,5,False,56.544,21.45,26,38,12,0,2212,2249,0.6842105263157895,0.3157894736842105,0.3157894736842105
2026-06-29_R1368_01,R1368,6,6,False,70.17999999999999,21.45,32,41,9,0,2225,2265,0.7804878048780488,0.21951219512195122,0.21951219512195122
2026-06-29_R1368_01,R1368,7,7,False,83.816,21.45,65,65,0,15,2241,2305,1.0,0.0,0.0
2026-06-29_R1368_01,R1368,8,8,False,97.452,21.45,30,40,10,0,2281,2320,0.75,0.25,0.25
2026-06-29_R1368_01,R1368,9,9,False,111.088,21.45,31,41,10,1,2296,2336,0.7560975609756098,0.24390243902439024,0.24390243902439024
2026-06-29_R1368_01,R1368,10,10,False,124.72399999999999,21.45,41,47,6,1,2311,2357,0.8723404255319149,0.1276595744680851,0.1276595744680851
2026-06-29_R1368_01,R1368,11,11,False,138.35999999999999,21.45,30,42,12,0,2331,2372,0.7142857142857143,0.2857142857142857,0.2857142857142857
2026-06-29_R1368_01,R1368,12,12,False,161.99599999999998,21.45,32,43,11,0,2346,2388,0.7441860465116279,0.2558139534883721,0.2558139534883721
2026-06-29_R1376_01,R1376,1,1,False,2.0,34.65,26,40,14,0,2363,2402,0.65,0.35,0.35
2026-06-29_R1376_01,R1376,2,2,False,15.636,34.65,26,40,14,0,2376,2415,0.65,0.35,0.35
2026-06-29_R1376_01,R1376,3,3,False,29.272,34.65,30,42,12,0,2389,2430,0.7142857142857143,0.2857142857142857,0.2857142857142857
2026-06-29_R1376_01,R1376,4,4,False,42.908,34.65,24,39,15,0,2404,2442,0.6153846153846154,0.38461538461538464,0.38461538461538464
2026-06-29_R1376_01,R1376,5,5,False,56.544,34.65,26,40,14,0,2416,2455,0.65,0.35,0.35
2026-06-29_R1376_01,R1376,6,6,False,70.17999999999999,34.65,32,43,11,0,2429,2471,0.7441860465116279,0.2558139534883721,0.2558139534883721
2026-06-29_R1376_01,R1376,7,7,False,83.816,34.65,66,66,0,12,2445,2510,1.0,0.0,0.0
2026-06-29_R1376_01,R1376,8,8,False,97.452,34.65,30,43,13,0,2483,2525,0.6976744186046512,0.3023255813953488,0.3023255813953488
2026-06-29_R1376_01,R1376,9,9,False,111.088,34.65,34,45,11,0,2498,2542,0.7555555555555555,0.24444444444444444,0.24444444444444444
2026-06-29_R1376_01,R1376,10,10,False,124.72399999999999,34.65,34,45,11,0,2515,2559,0.7555555555555555,0.24444444444444444,0.24444444444444444
2026-06-29_R1376_01,R1376,11,11,False,138.35999999999999,34.65,42,49,7,0,2532,2580,0.8571428571428571,0.14285714285714285,0.14285714285714285
2026-06-29_R1376_01,R1376,12,12,False,161.99599999999998,34.65,32,45,13,2,2553,2597,0.7111111111111111,0.28888888888888886,0.28888888888888886
2026-06-29_R1386_01,R1386,1,1,False,2.0,51.15,28,44,16,0,2572,2615,0.6363636363636364,0.36363636363636365,0.36363636363636365
2026-06-29_R1386_01,R1386,2,2,False,15.636,51.15,25,43,18,1,2586,2628,0.5813953488372093,0.4186046511627907,0.4186046511627907
2026-06-29_R1386_01,R1386,3,3,False,29.272,51.15,24,43,19,0,2598,2640,0.5581395348837209,0.4418604651162791,0.4418604651162791
2026-06-29_R1386_01,R1386,4,4,False,42.908,51.15,38,50,12,0,2610,2659,0.76,0.24,0.24
2026-06-29_R1386_01,R1386,5,5,False,56.544,51.15,27,45,18,1,2629,2673,0.6,0.4,0.4
2026-06-29_R1386_01,R1386,6,6,False,70.17999999999999,51.15,32,48,16,0,2642,2689,0.6666666666666666,0.3333333333333333,0.3333333333333333
2026-06-29_R1386_01,R1386,7,7,False,83.816,51.15,71,71,0,7,2658,2728,1.0,0.0,0.0
2026-06-29_R1386_01,R1386,8,8,False,97.452,51.15,25,45,20,1,2697,2741,0.5555555555555556,0.4444444444444444,0.4444444444444444
2026-06-29_R1386_01,R1386,9,9,False,111.088,51.15,18,40,22,0,2711,2750,0.45,0.55,0.55
2026-06-29_R1386_01,R1386,10,10,False,124.72399999999999,51.15,31,47,16,1,2720,2766,0.6595744680851063,0.3404255319148936,0.3404255319148936
2026-06-29_R1386_01,R1386,11,11,False,138.35999999999999,51.15,28,46,18,0,2735,2780,0.6086956521739131,0.391304347826087,0.391304347826087
2026-06-29_R1386_01,R1386,12,12,False,161.99599999999998,51.15,23,45,22,3,2749,2793,0.5111111111111111,0.4888888888888889,0.4888888888888889
2026-06-29_R1396_01,R1396,1,1,False,2.0,67.64999999999999,24,47,23,0,2762,2808,0.5106382978723404,0.48936170212765956,0.48936170212765956
2026-06-29_R1396_01,R1396,2,2,False,15.636,67.64999999999999,30,50,20,0,2774,2823,0.6,0.4,0.4
2026-06-29_R1396_01,R1396,3,3,False,29.272,67.64999999999999,29,49,20,0,2789,2837,0.5918367346938775,0.40816326530612246,0.40816326530612246
2026-06-29_R1396_01,R1396,4,4,False,42.908,67.64999999999999,27,48,21,0,2804,2851,0.5625,0.4375,0.4375
2026-06-29_R1396_01,R1396,5,5,False,56.544,67.64999999999999,24,47,23,1,2817,2863,0.5106382978723404,0.48936170212765956,0.48936170212765956
2026-06-29_R1396_01,R1396,6,6,False,70.17999999999999,67.64999999999999,32,52,20,1,2829,2880,0.6153846153846154,0.38461538461538464,0.38461538461538464
2026-06-29_R1396_01,R1396,7,7,False,83.816,67.64999999999999,69,72,3,1,2844,2915,0.9583333333333334,0.041666666666666664,0.041666666666666664
2026-06-29_R1396_01,R1396,8,8,False,97.452,67.64999999999999,30,53,23,0,2878,2930,0.5660377358490566,0.4339622641509434,0.4339622641509434
2026-06-29_R1396_01,R1396,9,9,False,111.088,67.64999999999999,26,51,25,0,2893,2943,0.5098039215686274,0.49019607843137253,0.49019607843137253
2026-06-29_R1396_01,R1396,10,10,False,124.72399999999999,67.64999999999999,30,53,23,0,2906,2958,0.5660377358490566,0.4339622641509434,0.4339622641509434
2026-06-29_R1396_01,R1396,11,11,False,138.35999999999999,67.64999999999999,22,49,27,0,2921,2969,0.4489795918367347,0.5510204081632653,0.5510204081632653
2026-06-29_R1396_01,R1396,12,12,False,161.99599999999998,67.64999999999999,17,46,29,0,2932,2977,0.3695652173913043,0.6304347826086957,0.6304347826086957
2026-06-30_R1090_01,R1090,1,1,False,-2.0,158.39999999999998,20,396,376,0,506,901,0.050505050505050504,0.9494949494949495,0.9494949494949495
2026-06-30_R1090_01,R1090,2,2,False,-15.636,158.39999999999998,20,396,376,0,516,911,0.050505050505050504,0.9494949494949495,0.9494949494949495
2026-06-30_R1090_01,R1090,3,3,False,-29.272,158.39999999999998,14,397,383,0,526,922,0.03526448362720403,0.964735516372796,0.964735516372796
2026-06-30_R1090_01,R1090,4,4,False,-42.908,158.39999999999998,32,406,374,0,533,938,0.07881773399014778,0.9211822660098522,0.9211822660098522
2026-06-30_R1090_01,R1090,5,5,False,-56.544,158.39999999999998,4,396,392,0,549,944,0.010101010101010102,0.98989898989899,0.98989898989899
2026-06-30_R1090_01,R1090,6,6,False,-70.17999999999999,158.39999999999998,3,396,393,1,551,946,0.007575757575757576,0.9924242424242424,0.9924242424242424
2026-06-30_R1090_01,R1090,7,7,False,-83.816,158.39999999999998,4,412,408,0,553,964,0.009708737864077669,0.9902912621359223,0.9902912621359223
2026-06-30_R1090_01,R1090,8,8,False,-97.452,158.39999999999998,10,420,410,2,555,974,0.023809523809523808,0.9761904761904762,0.9761904761904762
2026-06-30_R1451_01,R1451,1,1,False,2.0,158.39999999999998,27,381,354,1,400,780,0.07086614173228346,0.9291338582677166,0.9291338582677166
2026-06-30_R1451_01,R1451,2,2,False,15.636,158.39999999999998,14,373,359,3,418,790,0.03753351206434316,0.9624664879356568,0.9624664879356568
2026-06-30_R1451_01,R1451,3,3,False,29.272,158.39999999999998,8,371,363,0,414,784,0.0215633423180593,0.9784366576819407,0.9784366576819407
2026-06-30_R1451_01,R1451,4,4,False,42.908,158.39999999999998,9,371,362,0,426,796,0.02425876010781671,0.9757412398921833,0.9757412398921833
2026-06-30_R1451_01,R1451,5,5,False,56.544,158.39999999999998,20,375,355,2,431,805,0.05333333333333334,0.9466666666666667,0.9466666666666667
2026-06-30_R1451_01,R1451,6,6,False,70.17999999999999,158.39999999999998,24,374,350,4,442,815,0.06417112299465241,0.9358288770053476,0.9358288770053476
2026-06-30_R1451_01,R1451,7,7,False,83.816,158.39999999999998,25,371,346,5,456,826,0.0673854447439353,0.9326145552560647,0.9326145552560647
2026-06-30_R1461_01,R1461,1,1,False,2.0,174.89999999999998,21,334,313,0,318,651,0.06287425149700598,0.937125748502994,0.937125748502994
2026-06-30_R1461_01,R1461,2,2,False,15.636,174.89999999999998,13,329,316,2,328,656,0.03951367781155015,0.9604863221884499,0.9604863221884499
2026-06-30_R1461_01,R1461,3,3,False,29.272,174.89999999999998,10,326,316,2,336,661,0.03067484662576687,0.9693251533742331,0.9693251533742331
2026-06-30_R1461_01,R1461,4,4,False,42.908,174.89999999999998,11,327,316,1,342,668,0.03363914373088685,0.9663608562691132,0.9663608562691132
2026-06-30_R1461_01,R1461,6,6,False,70.17999999999999,174.89999999999998,12,332,320,0,348,679,0.03614457831325301,0.963855421686747,0.963855421686747
2026-06-30_R1461_01,R1461,7,7,False,83.816,174.89999999999998,5,331,326,1,354,684,0.015105740181268883,0.9848942598187311,0.9848942598187311
2026-06-30_R1461_01,R1461,10,10,False,124.72399999999999,174.89999999999998,10,346,336,0,357,702,0.028901734104046242,0.9710982658959537,0.9710982658959537
2026-06-30_R1461_01,R1461,11,11,False,138.35999999999999,174.89999999999998,2,342,340,0,362,703,0.005847953216374269,0.9941520467836257,0.9941520467836257
2026-06-30_R1470_01,R1470,11,11,False,138.35999999999999,189.75,40,41,1,0,30,70,0.975609756097561,0.024390243902439025,0.024390243902439025
2026-06-30_R1471_01,R1471,1,1,False,2.0,191.39999999999998,14,319,305,0,297,615,0.0438871473354232,0.9561128526645768,0.9561128526645768
2026-06-30_R1471_01,R1471,2,2,False,15.636,191.39999999999998,8,317,309,1,304,620,0.025236593059936908,0.9747634069400631,0.9747634069400631
2026-06-30_R1471_01,R1471,3,3,False,29.272,191.39999999999998,8,315,307,1,308,622,0.025396825396825397,0.9746031746031746,0.9746031746031746
2026-06-30_R1471_01,R1471,4,4,False,42.908,191.39999999999998,5,324,319,0,313,636,0.015432098765432098,0.9845679012345679,0.9845679012345679
2026-06-30_R1481_01,R1481,1,1,False,2.0,207.89999999999998,18,263,245,0,234,496,0.06844106463878327,0.9315589353612167,0.9315589353612167
2026-06-30_R1481_01,R1481,2,2,False,15.636,207.89999999999998,2,256,254,0,243,498,0.0078125,0.9921875,0.9921875
2026-06-30_R1481_01,R1481,3,3,False,29.272,207.89999999999998,2,263,261,0,244,506,0.0076045627376425855,0.9923954372623575,0.9923954372623575
2026-06-30_R1481_01,R1481,5,5,False,56.544,207.89999999999998,17,283,266,2,245,527,0.06007067137809187,0.9399293286219081,0.9399293286219081
2026-06-30_R1481_01,R1481,6,6,False,70.17999999999999,207.89999999999998,20,284,264,1,254,537,0.07042253521126761,0.9295774647887324,0.9295774647887324
2026-06-30_R1481_01,R1481,7,7,False,83.816,207.89999999999998,2,280,278,0,265,544,0.007142857142857143,0.9928571428571429,0.9928571428571429
2026-06-30_R1489_01,R1489,1,1,False,2.0,221.1,15,246,231,1,208,453,0.06097560975609756,0.9390243902439024,0.9390243902439024
2026-06-30_R1489_01,R1489,2,2,False,15.636,221.1,13,244,231,1,216,459,0.05327868852459016,0.9467213114754098,0.9467213114754098
2026-06-30_R1494_01,R1494,1,1,False,2.0,229.35,17,234,217,0,180,413,0.07264957264957266,0.9273504273504274,0.9273504273504274
2026-06-30_R1494_01,R1494,2,2,False,15.636,229.35,2,228,226,0,189,416,0.008771929824561403,0.9912280701754386,0.9912280701754386
2026-06-30_R1497_01,R1497,1,1,False,2.0,234.29999999999998,25,223,198,1,145,367,0.11210762331838565,0.8878923766816144,0.8878923766816144
2026-06-30_R1497_01,R1497,2,2,False,15.636,234.29999999999998,8,214,206,2,158,371,0.037383177570093455,0.9626168224299065,0.9626168224299065
2026-06-30_R1497_01,R1497,3,3,False,29.272,234.29999999999998,18,222,204,0,163,384,0.08108108108108109,0.918918918918919,0.918918918918919
2026-06-30_R1497_01,R1497,4,4,False,42.908,234.29999999999998,11,231,220,0,172,402,0.047619047619047616,0.9523809523809523,0.9523809523809523
2026-06-30_R1499_01,R1499,11,11,False,138.35999999999999,237.6,17,54,37,2,50,103,0.3148148148148148,0.6851851851851852,0.6851851851851852
2026-06-30_R1499_02,R1499,1,1,False,2.0,237.6,34,175,141,0,103,277,0.19428571428571428,0.8057142857142857,0.8057142857142857
2026-06-30_R1499_02,R1499,2,2,False,15.636,237.6,4,162,158,0,120,281,0.024691358024691357,0.9753086419753086,0.9753086419753086
2026-06-30_R1501_01,R1501,1,1,False,2.0,240.89999999999998,12,144,132,0,93,236,0.08333333333333333,0.9166666666666666,0.9166666666666666
2026-06-30_R1503_01,R1503,1,1,False,2.0,244.2,18,134,116,0,84,217,0.13432835820895522,0.8656716417910447,0.8656716417910447
2026-06-30_R1505_01,R1505,1,1,False,2.0,247.5,15,112,97,1,75,186,0.13392857142857142,0.8660714285714286,0.8660714285714286
2026-07-02_R1090_02,R1090,1,1,False,-2.0,158.39999999999998,24,68,44,0,122,189,0.35294117647058826,0.6470588235294118,0.6470588235294118
2026-07-02_R1090_02,R1090,2,2,False,-15.636,158.39999999999998,40,77,37,0,134,210,0.5194805194805194,0.4805194805194805,0.4805194805194805
2026-07-02_R1090_02,R1090,5,5,False,-56.544,158.39999999999998,8,73,65,0,154,226,0.1095890410958904,0.8904109589041096,0.8904109589041096
2026-07-02_R1090_02,R1090,6,6,False,-70.17999999999999,158.39999999999998,8,74,66,0,158,231,0.10810810810810811,0.8918918918918919,0.8918918918918919
2026-07-02_R1090_02,R1090,8,8,False,-97.452,158.39999999999998,2,80,78,0,162,241,0.025,0.975,0.975
2026-07-02_R1100_01,R1100,1,1,False,-2.0,141.9,34,202,168,0,1168,1369,0.16831683168316833,0.8316831683168316,0.8316831683168316
2026-07-02_R1100_01,R1100,2,2,False,-15.636,141.9,16,194,178,0,1185,1378,0.08247422680412371,0.9175257731958762,0.9175257731958762
2026-07-02_R1100_01,R1100,3,3,False,-29.272,141.9,16,196,180,0,1193,1388,0.08163265306122448,0.9183673469387755,0.9183673469387755
2026-07-02_R1100_01,R1100,4,4,False,-42.908,141.9,18,200,182,0,1201,1400,0.09,0.91,0.91
2026-07-02_R1100_01,R1100,5,5,False,-56.544,141.9,19,202,183,1,1210,1411,0.09405940594059406,0.905940594059406,0.905940594059406
2026-07-02_R1100_01,R1100,6,6,False,-70.17999999999999,141.9,23,203,180,3,1220,1422,0.11330049261083744,0.8866995073891626,0.8866995073891626
2026-07-02_R1100_01,R1100,7,7,False,-83.816,141.9,3,199,196,1,1233,1431,0.01507537688442211,0.9849246231155779,0.9849246231155779
2026-07-02_R1100_01,R1100,8,8,False,-97.452,141.9,16,206,190,0,1235,1440,0.07766990291262135,0.9223300970873787,0.9223300970873787
2026-07-02_R1110_01,R1110,1,1,False,-2.0,125.39999999999999,26,122,96,2,194,315,0.21311475409836064,0.7868852459016393,0.7868852459016393
2026-07-02_R1110_01,R1110,2,2,False,-15.636,125.39999999999999,21,119,98,1,208,326,0.17647058823529413,0.8235294117647058,0.8235294117647058
2026-07-02_R1110_01,R1110,3,3,False,-29.272,125.39999999999999,15,115,100,1,219,333,0.13043478260869565,0.8695652173913043,0.8695652173913043
2026-07-02_R1110_01,R1110,4,4,False,-42.908,125.39999999999999,21,119,98,1,227,345,0.17647058823529413,0.8235294117647058,0.8235294117647058
2026-07-02_R1110_01,R1110,5,5,False,-56.544,125.39999999999999,12,115,103,0,238,352,0.10434782608695652,0.8956521739130435,0.8956521739130435
2026-07-02_R1110_01,R1110,7,7,False,-83.816,125.39999999999999,6,128,122,0,244,371,0.046875,0.953125,0.953125
2026-07-02_R1110_01,R1110,8,8,False,-97.452,125.39999999999999,4,130,126,0,247,376,0.03076923076923077,0.9692307692307692,0.9692307692307692
2026-07-02_R1110_01,R1110,10,10,False,-124.72399999999999,125.39999999999999,2,136,134,0,249,384,0.014705882352941176,0.9852941176470589,0.9852941176470589
2026-07-02_R1110_01,R1110,11,11,False,-138.35999999999999,125.39999999999999,2,139,137,0,250,388,0.014388489208633094,0.9856115107913669,0.9856115107913669
2026-07-02_R1110_01,R1110,12,12,False,-161.99599999999998,125.39999999999999,1,1,0,0,391,391,1.0,0.0,0.0
2026-07-02_R1140_01,R1140,7,7,False,-83.816,75.89999999999999,71,216,145,1,662,877,0.3287037037037037,0.6712962962962963,0.6712962962962963
2026-07-02_R1140_01,R1140,8,8,False,-97.452,75.89999999999999,28,194,166,0,698,891,0.14432989690721648,0.8556701030927835,0.8556701030927835
2026-07-02_R1140_01,R1140,9,9,False,-111.088,75.89999999999999,43,200,157,1,712,911,0.215,0.785,0.785
2026-07-02_R1140_01,R1140,10,10,False,-124.72399999999999,75.89999999999999,12,184,172,0,734,917,0.06521739130434782,0.9347826086956522,0.9347826086956522
2026-07-02_R1140_01,R1140,11,11,False,-138.35999999999999,75.89999999999999,20,189,169,0,740,928,0.10582010582010581,0.8941798941798942,0.8941798941798942
2026-07-02_R1140_01,R1140,12,12,False,-161.99599999999998,75.89999999999999,29,194,165,2,750,943,0.14948453608247422,0.8505154639175257,0.8505154639175257
2026-07-02_R1150_01,R1150,1,1,False,-2.0,59.4,26,191,165,0,767,957,0.13612565445026178,0.8638743455497382,0.8638743455497382
2026-07-02_R1150_01,R1150,2,2,False,-15.636,59.4,27,192,165,0,780,971,0.140625,0.859375,0.859375
2026-07-02_R1150_01,R1150,3,3,False,-29.272,59.4,32,195,163,0,793,987,0.1641025641025641,0.8358974358974359,0.8358974358974359
2026-07-02_R1150_01,R1150,4,4,False,-42.908,59.4,31,194,163,0,809,1002,0.15979381443298968,0.8402061855670103,0.8402061855670103
2026-07-02_R1150_01,R1150,5,5,False,-56.544,59.4,28,192,164,0,825,1016,0.14583333333333334,0.8541666666666666,0.8541666666666666
2026-07-02_R1150_01,R1150,6,6,False,-70.17999999999999,59.4,22,189,167,0,839,1027,0.1164021164021164,0.8835978835978836,0.8835978835978836
2026-07-02_R1150_01,R1150,7,7,False,-83.816,59.4,102,229,127,0,850,1078,0.44541484716157204,0.5545851528384279,0.5545851528384279
2026-07-02_R1150_01,R1150,8,8,False,-97.452,59.4,30,193,163,0,901,1093,0.15544041450777202,0.844559585492228,0.844559585492228
2026-07-02_R1150_01,R1150,9,9,False,-111.088,59.4,24,190,166,0,916,1105,0.12631578947368421,0.8736842105263158,0.8736842105263158
2026-07-02_R1150_01,R1150,10,10,False,-124.72399999999999,59.4,15,185,170,1,928,1112,0.08108108108108109,0.918918918918919,0.918918918918919
2026-07-02_R1150_01,R1150,11,11,False,-138.35999999999999,59.4,27,191,164,1,936,1126,0.14136125654450263,0.8586387434554974,0.8586387434554974
2026-07-02_R1150_01,R1150,12,12,False,-161.99599999999998,59.4,26,193,167,1,950,1142,0.13471502590673576,0.8652849740932642,0.8652849740932642
2026-07-02_R1159_01,R1159,1,1,False,-2.0,44.55,30,240,210,0,1271,1510,0.125,0.875,0.875
2026-07-02_R1159_01,R1159,2,2,False,-15.636,44.55,30,240,210,0,1286,1525,0.125,0.875,0.875
2026-07-02_R1159_01,R1159,3,3,False,-29.272,44.55,27,238,211,1,1301,1538,0.1134453781512605,0.8865546218487395,0.8865546218487395
2026-07-02_R1159_01,R1159,4,4,False,-42.908,44.55,32,240,208,0,1315,1554,0.13333333333333333,0.8666666666666667,0.8666666666666667
2026-07-02_R1159_01,R1159,5,5,False,-56.544,44.55,30,239,209,0,1331,1569,0.12552301255230125,0.8744769874476988,0.8744769874476988
2026-07-02_R1159_01,R1159,6,6,False,-70.17999999999999,44.55,30,239,209,0,1346,1584,0.12552301255230125,0.8744769874476988,0.8744769874476988
2026-07-02_R1159_01,R1159,7,7,False,-83.816,44.55,153,298,145,5,1361,1658,0.5134228187919463,0.4865771812080537,0.4865771812080537
2026-07-02_R1159_01,R1159,8,8,False,-97.452,44.55,19,228,209,1,1440,1667,0.08333333333333333,0.9166666666666666,0.9166666666666666
2026-07-02_R1159_01,R1159,9,9,False,-111.088,44.55,34,236,202,0,1450,1685,0.1440677966101695,0.8559322033898306,0.8559322033898306
2026-07-02_R1159_01,R1159,10,10,False,-124.72399999999999,44.55,15,229,214,0,1467,1695,0.06550218340611354,0.9344978165938864,0.9344978165938864
2026-07-02_R1159_01,R1159,11,11,False,-138.35999999999999,44.55,32,237,205,1,1474,1710,0.1350210970464135,0.8649789029535865,0.8649789029535865
2026-07-02_R1170_01,R1170,1,1,False,-2.0,26.4,20,189,169,0,965,1153,0.10582010582010581,0.8941798941798942,0.8941798941798942
2026-07-02_R1170_01,R1170,2,2,False,-15.636,26.4,26,192,166,0,975,1166,0.13541666666666666,0.8645833333333334,0.8645833333333334
2026-07-02_R1170_01,R1170,3,3,False,-29.272,26.4,26,192,166,0,988,1179,0.13541666666666666,0.8645833333333334,0.8645833333333334
2026-07-02_R1170_01,R1170,4,4,False,-42.908,26.4,22,190,168,0,1001,1190,0.11578947368421053,0.8842105263157894,0.8842105263157894
2026-07-02_R1170_01,R1170,5,5,False,-56.544,26.4,22,190,168,0,1012,1201,0.11578947368421053,0.8842105263157894,0.8842105263157894
2026-07-02_R1170_01,R1170,6,6,False,-70.17999999999999,26.4,32,195,163,0,1023,1217,0.1641025641025641,0.8358974358974359,0.8358974358974359
2026-07-02_R1170_01,R1170,7,7,False,-83.816,26.4,126,242,116,0,1039,1280,0.5206611570247934,0.4793388429752066,0.4793388429752066
2026-07-02_R1170_01,R1170,8,8,False,-97.452,26.4,32,195,163,0,1102,1296,0.1641025641025641,0.8358974358974359,0.8358974358974359
2026-07-02_R1170_01,R1170,9,9,False,-111.088,26.4,26,192,166,0,1118,1309,0.13541666666666666,0.8645833333333334,0.8645833333333334
2026-07-02_R1170_01,R1170,10,10,False,-124.72399999999999,26.4,29,193,164,1,1131,1323,0.15025906735751296,0.8497409326424871,0.8497409326424871
2026-07-02_R1170_01,R1170,11,11,False,-138.35999999999999,26.4,9,183,174,1,1146,1328,0.04918032786885246,0.9508196721311475,0.9508196721311475
2026-07-02_R1170_01,R1170,12,12,False,-161.99599999999998,26.4,13,193,180,0,1151,1343,0.06735751295336788,0.9326424870466321,0.9326424870466321
2026-07-02_R1360_02,R1360,2,2,False,15.636,8.25,34,394,360,0,2072,2465,0.08629441624365482,0.9137055837563451,0.9137055837563451
2026-07-02_R1360_02,R1360,3,3,False,29.272,8.25,36,394,358,0,2089,2482,0.09137055837563451,0.9086294416243654,0.9086294416243654
2026-07-02_R1360_02,R1360,4,4,False,42.908,8.25,18,385,367,0,2107,2491,0.046753246753246755,0.9532467532467532,0.9532467532467532
2026-07-02_R1360_02,R1360,5,5,False,56.544,8.25,30,391,361,0,2116,2506,0.07672634271099744,0.9232736572890026,0.9232736572890026
2026-07-02_R1360_02,R1360,6,6,False,70.17999999999999,8.25,34,393,359,0,2131,2523,0.08651399491094147,0.9134860050890585,0.9134860050890585
2026-07-02_R1360_02,R1360,7,7,False,83.816,8.25,108,430,322,0,2148,2577,0.25116279069767444,0.7488372093023256,0.7488372093023256
2026-07-02_R1360_02,R1360,8,8,False,97.452,8.25,29,390,361,2,2202,2591,0.07435897435897436,0.9256410256410257,0.9256410256410257
2026-07-02_R1360_02,R1360,9,9,False,111.088,8.25,31,389,358,2,2217,2605,0.07969151670951156,0.9203084832904884,0.9203084832904884
2026-07-02_R1360_02,R1360,10,10,False,124.72399999999999,8.25,30,387,357,0,2234,2620,0.07751937984496124,0.9224806201550387,0.9224806201550387
2026-07-02_R1360_02,R1360,11,11,False,138.35999999999999,8.25,2,374,372,0,2249,2622,0.0053475935828877,0.9946524064171123,0.9946524064171123
2026-07-02_R1360_02,R1360,12,12,False,161.99599999999998,8.25,2,382,380,0,2250,2631,0.005235602094240838,0.9947643979057592,0.9947643979057592
2026-07-02_R1411_01,R1411,1,1,False,2.0,92.39999999999999,30,372,342,0,1884,2255,0.08064516129032258,0.9193548387096774,0.9193548387096774
2026-07-02_R1411_01,R1411,2,2,False,15.636,92.39999999999999,28,371,343,0,1899,2269,0.07547169811320754,0.9245283018867925,0.9245283018867925
2026-07-02_R1411_01,R1411,3,3,False,29.272,92.39999999999999,26,370,344,0,1913,2282,0.07027027027027027,0.9297297297297298,0.9297297297297298
2026-07-02_R1411_01,R1411,4,4,False,42.908,92.39999999999999,28,371,343,0,1926,2296,0.07547169811320754,0.9245283018867925,0.9245283018867925
2026-07-02_R1411_01,R1411,5,5,False,56.544,92.39999999999999,32,373,341,0,1940,2312,0.08579088471849866,0.9142091152815014,0.9142091152815014
2026-07-02_R1411_01,R1411,6,6,False,70.17999999999999,92.39999999999999,15,364,349,1,1956,2319,0.04120879120879121,0.9587912087912088,0.9587912087912088
2026-07-02_R1411_01,R1411,7,7,False,83.816,92.39999999999999,138,425,287,0,1964,2388,0.3247058823529412,0.6752941176470588,0.6752941176470588
2026-07-02_R1411_01,R1411,8,8,False,97.452,92.39999999999999,6,359,353,0,2033,2391,0.016713091922005572,0.9832869080779945,0.9832869080779945
2026-07-02_R1411_01,R1411,9,9,False,111.088,92.39999999999999,6,363,357,0,2036,2398,0.01652892561983471,0.9834710743801653,0.9834710743801653
2026-07-02_R1411_01,R1411,10,10,False,124.72399999999999,92.39999999999999,24,373,349,0,2039,2411,0.064343163538874,0.935656836461126,0.935656836461126
2026-07-02_R1420_01,R1420,1,1,False,2.0,107.25,26,237,211,0,1501,1737,0.10970464135021098,0.890295358649789,0.890295358649789
2026-07-02_R1420_01,R1420,2,2,False,15.636,107.25,30,239,209,0,1514,1752,0.12552301255230125,0.8744769874476988,0.8744769874476988
2026-07-02_R1420_01,R1420,3,3,False,29.272,107.25,28,238,210,0,1529,1766,0.11764705882352941,0.8823529411764706,0.8823529411764706
2026-07-02_R1420_01,R1420,4,4,False,42.908,107.25,33,240,207,1,1543,1782,0.1375,0.8625,0.8625
2026-07-02_R1420_01,R1420,5,5,False,56.544,107.25,21,236,215,1,1560,1795,0.08898305084745763,0.9110169491525424,0.9110169491525424
2026-07-02_R1420_01,R1420,6,6,False,70.17999999999999,107.25,31,240,209,1,1571,1810,0.12916666666666668,0.8708333333333333,0.8708333333333333
2026-07-02_R1420_01,R1420,7,7,False,83.816,107.25,13,245,232,1,1587,1831,0.053061224489795916,0.9469387755102041,0.9469387755102041
2026-07-02_R1420_01,R1420,8,8,False,97.452,107.25,16,246,230,2,1594,1839,0.06504065040650407,0.9349593495934959,0.9349593495934959
2026-07-02_R1420_01,R1420,9,9,False,111.088,107.25,4,242,238,0,1603,1844,0.01652892561983471,0.9834710743801653,0.9834710743801653
2026-07-02_R1420_01,R1420,10,10,False,124.72399999999999,107.25,4,245,241,0,1605,1849,0.0163265306122449,0.9836734693877551,0.9836734693877551
2026-07-02_R1420_01,R1420,11,11,False,138.35999999999999,107.25,2,255,253,0,1607,1861,0.00784313725490196,0.9921568627450981,0.9921568627450981
2026-07-02_R1433_01,R1433,1,1,False,2.0,128.7,30,275,245,0,1634,1908,0.10909090909090909,0.8909090909090909,0.8909090909090909
2026-07-02_R1433_01,R1433,2,2,False,15.636,128.7,34,277,243,0,1649,1925,0.12274368231046931,0.8772563176895307,0.8772563176895307
2026-07-02_R1433_01,R1433,3,3,False,29.272,128.7,30,275,245,0,1666,1940,0.10909090909090909,0.8909090909090909,0.8909090909090909
2026-07-02_R1433_01,R1433,4,4,False,42.908,128.7,32,276,244,0,1681,1956,0.11594202898550725,0.8840579710144928,0.8840579710144928
2026-07-02_R1433_01,R1433,5,5,False,56.544,128.7,28,274,246,0,1697,1970,0.10218978102189781,0.8978102189781022,0.8978102189781022
2026-07-02_R1433_01,R1433,6,6,False,70.17999999999999,128.7,30,276,246,0,1711,1986,0.10869565217391304,0.8913043478260869,0.8913043478260869
2026-07-02_R1433_01,R1433,7,7,False,83.816,128.7,8,277,269,0,1726,2002,0.02888086642599278,0.9711191335740073,0.9711191335740073
2026-07-02_R1433_01,R1433,8,8,False,97.452,128.7,22,285,263,0,1730,2014,0.07719298245614035,0.9228070175438596,0.9228070175438596
2026-07-02_R1433_01,R1433,9,9,False,111.088,128.7,4,280,276,0,1741,2020,0.014285714285714285,0.9857142857142858,0.9857142857142858
2026-07-02_R1433_01,R1433,10,10,False,124.72399999999999,128.7,4,280,276,0,1743,2022,0.014285714285714285,0.9857142857142858,0.9857142857142858
2026-07-02_R1433_01,R1433,12,12,False,161.99599999999998,128.7,18,299,281,0,1745,2043,0.06020066889632107,0.939799331103679,0.939799331103679
2026-07-02_R1441_01,R1441,1,1,False,2.0,141.9,32,312,280,0,1779,2090,0.10256410256410256,0.8974358974358975,0.8974358974358975
2026-07-02_R1441_01,R1441,2,2,False,15.636,141.9,30,311,281,0,1795,2105,0.09646302250803858,0.9035369774919614,0.9035369774919614
2026-07-02_R1441_01,R1441,3,3,False,29.272,141.9,9,304,295,0,1810,2113,0.029605263157894735,0.9703947368421053,0.9703947368421053
2026-07-02_R1441_01,R1441,4,4,False,42.908,141.9,33,316,283,0,1814,2129,0.10443037974683544,0.8955696202531646,0.8955696202531646
2026-07-02_R1441_01,R1441,5,5,False,56.544,141.9,6,305,299,0,1831,2135,0.019672131147540985,0.980327868852459,0.980327868852459
2026-07-02_R1441_01,R1441,6,6,False,70.17999999999999,141.9,24,314,290,0,1834,2147,0.07643312101910828,0.9235668789808917,0.9235668789808917
2026-07-02_R1441_01,R1441,7,7,False,83.816,141.9,2,304,302,0,1846,2149,0.006578947368421052,0.993421052631579,0.993421052631579
2026-07-02_R1441_01,R1441,8,8,False,97.452,141.9,4,308,304,0,1847,2154,0.012987012987012988,0.987012987012987,0.987012987012987
2026-07-02_R1441_01,R1441,12,13,True,161.99599999999998,141.9,57,386,329,1,1853,2238,0.14766839378238342,0.8523316062176166,0.8523316062176166
2026-07-02_R1451_02,R1451,1,1,False,2.0,158.39999999999998,13,13,0,11,13,25,1.0,0.0,0.0
2026-07-02_R1451_02,R1451,2,2,False,15.636,158.39999999999998,19,19,0,17,25,43,1.0,0.0,0.0
2026-07-02_R1451_02,R1451,3,3,False,29.272,158.39999999999998,17,17,0,15,43,59,1.0,0.0,0.0
2026-07-02_R1451_02,R1451,4,4,False,42.908,158.39999999999998,26,26,0,17,59,84,1.0,0.0,0.0
2026-07-02_R1451_02,R1451,5,5,False,56.544,158.39999999999998,16,16,0,9,80,95,1.0,0.0,0.0
2026-07-02_R1451_02,R1451,6,6,False,70.17999999999999,158.39999999999998,2,7,5,0,93,99,0.2857142857142857,0.7142857142857143,0.7142857142857143
2026-07-02_R1451_02,R1451,7,7,False,83.816,158.39999999999998,4,19,15,0,94,112,0.21052631578947367,0.7894736842105263,0.7894736842105263
