run_id,structure_id,manual_group,window_start,window_end,observed_packets_in_window,observed_signal_packets_in_window,observed_packets_with_fcnt,leading_fcnt_gap_imputed_rows,internal_fcnt_gap_imputed_rows,fcnt_gap_imputed_rows,minimum_fill_rows_added,augmented_signal_packets_in_window,minimum_required_messages,imputed_rows_added,imputation_method
2026-06-25_R1183_01,R1183,1,2026-06-25 13:41:13+02:00,2026-06-25 13:41:56+02:00,9,9,9,0,0,0,0,9,5,0,none
2026-06-25_R1183_01,R1183,2,2026-06-25 13:41:56+02:00,2026-06-25 13:42:59+02:00,12,12,12,0,0,0,0,12,5,0,none
2026-06-25_R1183_01,R1183,3,2026-06-25 13:42:59+02:00,2026-06-25 13:43:54+02:00,8,8,8,0,0,0,0,8,5,0,none
2026-06-25_R1183_01,R1183,4,2026-06-25 13:43:54+02:00,2026-06-25 13:44:35+02:00,9,9,9,0,0,0,0,9,5,0,none
2026-06-25_R1183_01,R1183,5,2026-06-25 13:44:35+02:00,2026-06-25 13:45:24+02:00,11,11,11,0,0,0,0,11,5,0,none
2026-06-25_R1183_01,R1183,6,2026-06-25 13:45:24+02:00,2026-06-25 13:46:17+02:00,12,12,12,0,0,0,0,12,5,0,none
2026-06-25_R1183_01,R1183,7,2026-06-25 13:46:17+02:00,2026-06-25 13:47:21+02:00,8,8,8,0,0,0,0,8,5,0,none
2026-06-25_R1183_01,R1183,8,2026-06-25 13:47:21+02:00,2026-06-25 13:48:21+02:00,9,9,9,0,0,0,0,9,5,0,none
2026-06-25_R1183_01,R1183,9,2026-06-25 13:48:21+02:00,2026-06-25 13:49:13+02:00,5,5,5,1,1,2,0,7,5,2,leading_fcnt_gap+missing_fcnt_gap
2026-06-25_R1183_01,R1183,10,2026-06-25 13:49:13+02:00,2026-06-25 13:50:08+02:00,5,5,5,0,4,4,0,9,5,4,missing_fcnt_gap
2026-06-25_R1183_01,R1183,11,2026-06-25 13:50:08+02:00,2026-06-25 13:50:44+02:00,2,2,2,2,1,3,0,5,5,3,leading_fcnt_gap+missing_fcnt_gap
2026-06-25_R1185_01,R1185,1,2026-06-25 11:36:25+02:00,2026-06-25 11:39:05+02:00,14,14,14,0,0,0,0,14,5,0,none
2026-06-25_R1185_01,R1185,2,2026-06-25 11:39:05+02:00,2026-06-25 11:40:15+02:00,14,14,14,0,0,0,0,14,5,0,none
2026-06-25_R1185_01,R1185,3,2026-06-25 11:40:15+02:00,2026-06-25 11:41:36+02:00,15,15,15,0,0,0,0,15,5,0,none
2026-06-25_R1185_01,R1185,4,2026-06-25 11:41:36+02:00,2026-06-25 11:42:50+02:00,13,13,13,0,0,0,0,13,5,0,none
2026-06-25_R1185_01,R1185,5,2026-06-25 11:42:50+02:00,2026-06-25 11:43:50+02:00,12,12,12,0,0,0,0,12,5,0,none
2026-06-25_R1185_01,R1185,6,2026-06-25 11:43:50+02:00,2026-06-25 11:45:00+02:00,13,13,13,0,0,0,0,13,5,0,none
2026-06-25_R1185_01,R1185,7,2026-06-25 11:45:00+02:00,2026-06-25 11:46:05+02:00,5,5,5,0,6,6,0,11,5,6,missing_fcnt_gap
2026-06-25_R1185_01,R1185,8,2026-06-25 11:46:05+02:00,2026-06-25 11:47:10+02:00,6,6,6,0,7,7,0,13,5,7,missing_fcnt_gap
2026-06-25_R1185_01,R1185,9,2026-06-25 11:47:10+02:00,2026-06-25 11:48:30+02:00,13,13,13,0,2,2,0,15,5,2,missing_fcnt_gap
2026-06-25_R1185_01,R1185,10,2026-06-25 11:48:30+02:00,2026-06-25 11:49:35+02:00,6,6,6,1,5,6,0,12,5,6,leading_fcnt_gap+missing_fcnt_gap
2026-06-25_R1185_01,R1185,11,2026-06-25 11:49:35+02:00,2026-06-25 11:50:10+02:00,3,3,3,1,1,2,0,5,5,2,leading_fcnt_gap+missing_fcnt_gap
2026-06-25_R1187_01,R1187,1,2026-06-25 12:07:45+02:00,2026-06-25 12:09:20+02:00,12,12,12,0,0,0,0,12,5,0,none
2026-06-25_R1187_01,R1187,2,2026-06-25 12:09:20+02:00,2026-06-25 12:10:10+02:00,11,11,11,0,0,0,0,11,5,0,none
2026-06-25_R1187_01,R1187,3,2026-06-25 12:10:10+02:00,2026-06-25 12:11:30+02:00,12,12,12,0,0,0,0,12,5,0,none
2026-06-25_R1187_01,R1187,4,2026-06-25 12:11:30+02:00,2026-06-25 12:12:45+02:00,9,9,9,0,0,0,0,9,5,0,none
2026-06-25_R1187_01,R1187,5,2026-06-25 12:12:45+02:00,2026-06-25 12:13:40+02:00,11,11,11,0,0,0,0,11,5,0,none
2026-06-25_R1187_01,R1187,6,2026-06-25 12:13:40+02:00,2026-06-25 12:14:40+02:00,11,11,11,0,0,0,0,11,5,0,none
2026-06-25_R1187_01,R1187,7,2026-06-25 12:14:40+02:00,2026-06-25 12:18:35+02:00,44,44,44,0,0,0,0,44,5,0,none
2026-06-25_R1187_01,R1187,8,2026-06-25 12:18:35+02:00,2026-06-25 12:19:50+02:00,9,9,9,0,1,1,0,10,5,1,missing_fcnt_gap
2026-06-25_R1187_01,R1187,9,2026-06-25 12:19:50+02:00,2026-06-25 12:21:10+02:00,12,12,12,0,1,1,0,13,5,1,missing_fcnt_gap
2026-06-25_R1187_01,R1187,10,2026-06-25 12:21:10+02:00,2026-06-25 12:22:05+02:00,4,4,4,1,5,6,0,10,5,6,leading_fcnt_gap+missing_fcnt_gap
2026-06-25_R1187_01,R1187,11,2026-06-25 12:22:05+02:00,2026-06-25 12:23:05+02:00,6,6,6,2,2,4,0,10,5,4,leading_fcnt_gap+missing_fcnt_gap
2026-06-25_R1189_01,R1189,1,2026-06-25 12:34:10+02:00,2026-06-25 12:35:15+02:00,9,9,9,0,0,0,0,9,5,0,none
2026-06-25_R1189_01,R1189,2,2026-06-25 12:35:15+02:00,2026-06-25 12:36:10+02:00,10,10,10,0,0,0,0,10,5,0,none
2026-06-25_R1189_01,R1189,3,2026-06-25 12:36:10+02:00,2026-06-25 12:37:15+02:00,11,11,11,0,0,0,0,11,5,0,none
2026-06-25_R1189_01,R1189,4,2026-06-25 12:37:15+02:00,2026-06-25 12:38:05+02:00,9,9,9,0,0,0,0,9,5,0,none
2026-06-25_R1189_01,R1189,5,2026-06-25 12:38:05+02:00,2026-06-25 12:38:45+02:00,9,9,9,0,0,0,0,9,5,0,none
2026-06-25_R1189_01,R1189,6,2026-06-25 12:38:45+02:00,2026-06-25 12:40:15+02:00,15,15,15,0,0,0,0,15,5,0,none
2026-06-25_R1189_01,R1189,7,2026-06-25 12:40:15+02:00,2026-06-25 12:42:30+02:00,30,30,30,0,0,0,0,30,5,0,none
2026-06-25_R1189_01,R1189,8,2026-06-25 12:42:30+02:00,2026-06-25 12:43:30+02:00,13,13,13,0,0,0,0,13,5,0,none
2026-06-25_R1189_01,R1189,9,2026-06-25 12:43:30+02:00,2026-06-25 12:44:20+02:00,5,5,5,0,5,5,0,10,5,5,missing_fcnt_gap
2026-06-25_R1189_01,R1189,10,2026-06-25 12:44:20+02:00,2026-06-25 12:45:20+02:00,5,5,5,5,1,6,0,11,5,6,leading_fcnt_gap+missing_fcnt_gap
2026-06-25_R1189_01,R1189,11,2026-06-25 12:45:20+02:00,2026-06-25 12:46:10+02:00,5,5,5,0,2,2,0,7,5,2,missing_fcnt_gap
2026-06-25_R1352_01,R1352,1,2026-06-25 12:55:50+02:00,2026-06-25 12:57:25+02:00,13,13,13,0,0,0,0,13,5,0,none
2026-06-25_R1352_01,R1352,2,2026-06-25 12:57:25+02:00,2026-06-25 12:58:25+02:00,10,10,10,0,0,0,0,10,5,0,none
2026-06-25_R1352_01,R1352,3,2026-06-25 12:58:25+02:00,2026-06-25 12:59:40+02:00,9,9,9,0,0,0,0,9,5,0,none
2026-06-25_R1352_01,R1352,4,2026-06-25 12:59:40+02:00,2026-06-25 13:00:45+02:00,12,12,12,0,0,0,0,12,5,0,none
2026-06-25_R1352_01,R1352,5,2026-06-25 13:00:45+02:00,2026-06-25 13:01:55+02:00,13,13,13,0,0,0,0,13,5,0,none
2026-06-25_R1352_01,R1352,6,2026-06-25 13:01:55+02:00,2026-06-25 13:02:50+02:00,6,6,6,0,0,0,0,6,5,0,none
2026-06-25_R1352_01,R1352,7,2026-06-25 13:02:50+02:00,2026-06-25 13:04:55+02:00,29,29,29,0,0,0,0,29,5,0,none
2026-06-25_R1352_01,R1352,8,2026-06-25 13:04:55+02:00,2026-06-25 13:05:45+02:00,11,11,11,0,0,0,0,11,5,0,none
2026-06-25_R1352_01,R1352,9,2026-06-25 13:05:45+02:00,2026-06-25 13:06:20+02:00,8,8,8,0,0,0,0,8,5,0,none
2026-06-25_R1352_01,R1352,10,2026-06-25 13:06:20+02:00,2026-06-25 13:07:55+02:00,11,11,11,0,4,4,0,15,5,4,missing_fcnt_gap
2026-06-25_R1352_01,R1352,11,2026-06-25 13:07:55+02:00,2026-06-25 13:08:50+02:00,2,2,2,4,0,4,0,6,5,4,leading_fcnt_gap
2026-06-25_R1354_01,R1354,1,2026-06-25 10:33:58+02:00,2026-06-25 10:38:30+02:00,9,9,9,0,0,0,0,9,5,0,none
2026-06-25_R1354_01,R1354,2,2026-06-25 10:38:30+02:00,2026-06-25 10:39:50+02:00,13,13,13,0,0,0,0,13,5,0,none
2026-06-25_R1354_01,R1354,3,2026-06-25 10:39:50+02:00,2026-06-25 10:41:15+02:00,10,10,10,0,0,0,0,10,5,0,none
2026-06-25_R1354_01,R1354,4,2026-06-25 10:41:15+02:00,2026-06-25 10:42:25+02:00,10,10,10,0,0,0,0,10,5,0,none
2026-06-25_R1354_01,R1354,5,2026-06-25 10:42:25+02:00,2026-06-25 10:43:30+02:00,9,9,9,0,0,0,0,9,5,0,none
2026-06-25_R1354_01,R1354,6,2026-06-25 10:43:30+02:00,2026-06-25 10:44:30+02:00,10,10,10,0,0,0,0,10,5,0,none
2026-06-25_R1354_01,R1354,7,2026-06-25 10:44:30+02:00,2026-06-25 10:45:35+02:00,10,10,10,0,0,0,0,10,5,0,none
2026-06-25_R1354_01,R1354,8,2026-06-25 10:45:35+02:00,2026-06-25 10:46:40+02:00,9,9,9,0,1,1,0,10,5,1,missing_fcnt_gap
2026-06-25_R1354_01,R1354,9,2026-06-25 10:46:40+02:00,2026-06-25 10:47:40+02:00,10,10,10,0,0,0,0,10,5,0,none
2026-06-25_R1354_01,R1354,10,2026-06-25 10:47:40+02:00,2026-06-25 10:48:40+02:00,9,9,9,0,1,1,0,10,5,1,missing_fcnt_gap
2026-06-25_R1356_01,R1356,1,2026-06-25 11:06:55+02:00,2026-06-25 11:09:35+02:00,16,16,16,0,0,0,0,16,5,0,none
2026-06-25_R1356_01,R1356,2,2026-06-25 11:09:35+02:00,2026-06-25 11:10:50+02:00,10,10,10,0,0,0,0,10,5,0,none
2026-06-25_R1356_01,R1356,3,2026-06-25 11:10:50+02:00,2026-06-25 11:11:58+02:00,8,8,8,0,0,0,0,8,5,0,none
2026-06-25_R1356_01,R1356,4,2026-06-25 11:11:58+02:00,2026-06-25 11:12:50+02:00,8,8,8,0,0,0,0,8,5,0,none
2026-06-25_R1356_01,R1356,5,2026-06-25 11:12:50+02:00,2026-06-25 11:13:50+02:00,9,9,9,0,0,0,0,9,5,0,none
2026-06-25_R1356_01,R1356,6,2026-06-25 11:13:50+02:00,2026-06-25 11:14:55+02:00,9,9,9,0,0,0,0,9,5,0,none
2026-06-25_R1356_01,R1356,7,2026-06-25 11:14:55+02:00,2026-06-25 11:15:55+02:00,10,10,10,0,0,0,0,10,5,0,none
2026-06-25_R1356_01,R1356,8,2026-06-25 11:15:55+02:00,2026-06-25 11:17:20+02:00,11,11,11,0,0,0,0,11,5,0,none
2026-06-25_R1356_01,R1356,9,2026-06-25 11:17:20+02:00,2026-06-25 11:18:15+02:00,7,7,7,0,0,0,0,7,5,0,none
2026-06-25_R1356_01,R1356,10,2026-06-25 11:18:15+02:00,2026-06-25 11:19:10+02:00,5,5,5,0,1,1,0,6,5,1,missing_fcnt_gap
2026-06-25_R1356_01,R1356,11,2026-06-25 11:19:10+02:00,2026-06-25 11:20:30+02:00,8,8,8,0,0,0,0,8,5,0,none
2026-06-25_R1358_01,R1358,1,2026-06-25 13:19:45+02:00,2026-06-25 13:20:38+02:00,11,11,11,0,0,0,0,11,5,0,none
2026-06-25_R1358_01,R1358,2,2026-06-25 13:20:38+02:00,2026-06-25 13:21:35+02:00,11,11,11,0,0,0,0,11,5,0,none
2026-06-25_R1358_01,R1358,3,2026-06-25 13:21:35+02:00,2026-06-25 13:22:28+02:00,11,11,11,0,0,0,0,11,5,0,none
2026-06-25_R1358_01,R1358,4,2026-06-25 13:22:28+02:00,2026-06-25 13:23:32+02:00,14,14,14,0,0,0,0,14,5,0,none
2026-06-25_R1358_01,R1358,5,2026-06-25 13:23:32+02:00,2026-06-25 13:24:15+02:00,8,8,8,0,0,0,0,8,5,0,none
2026-06-25_R1358_01,R1358,6,2026-06-25 13:24:15+02:00,2026-06-25 13:25:18+02:00,15,15,15,0,0,0,0,15,5,0,none
2026-06-25_R1358_01,R1358,7,2026-06-25 13:25:18+02:00,2026-06-25 13:26:03+02:00,10,10,10,0,0,0,0,10,5,0,none
2026-06-25_R1358_01,R1358,8,2026-06-25 13:26:03+02:00,2026-06-25 13:27:05+02:00,12,12,12,0,1,1,0,13,5,1,missing_fcnt_gap
2026-06-25_R1358_01,R1358,9,2026-06-25 13:27:05+02:00,2026-06-25 13:27:55+02:00,10,10,10,0,0,0,0,10,5,0,none
2026-06-25_R1358_01,R1358,10,2026-06-25 13:27:55+02:00,2026-06-25 13:29:12+02:00,8,8,8,0,2,2,0,10,5,2,missing_fcnt_gap
2026-06-25_R1358_01,R1358,11,2026-06-25 13:29:12+02:00,2026-06-25 13:29:56+02:00,6,6,6,0,3,3,0,9,5,3,missing_fcnt_gap
2026-06-25_R1360_01,R1360,1,2026-06-25 14:03:56+02:00,2026-06-25 14:05:47+02:00,9,9,9,0,0,0,0,9,5,0,none
2026-06-25_R1360_01,R1360,2,2026-06-25 14:05:47+02:00,2026-06-25 14:06:53+02:00,12,12,12,0,0,0,0,12,5,0,none
2026-06-25_R1360_01,R1360,3,2026-06-25 14:06:53+02:00,2026-06-25 14:07:53+02:00,9,9,9,0,0,0,0,9,5,0,none
2026-06-25_R1360_01,R1360,4,2026-06-25 14:07:53+02:00,2026-06-25 14:08:58+02:00,10,10,10,0,0,0,0,10,5,0,none
2026-06-25_R1360_01,R1360,5,2026-06-25 14:08:58+02:00,2026-06-25 14:09:58+02:00,10,10,10,0,0,0,0,10,5,0,none
2026-06-25_R1360_01,R1360,6,2026-06-25 14:09:58+02:00,2026-06-25 14:10:48+02:00,9,9,9,0,0,0,0,9,5,0,none
2026-06-25_R1360_01,R1360,7,2026-06-25 14:10:48+02:00,2026-06-25 14:11:53+02:00,11,11,11,0,0,0,0,11,5,0,none
2026-06-25_R1360_01,R1360,8,2026-06-25 14:11:53+02:00,2026-06-25 14:12:53+02:00,11,11,11,0,0,0,0,11,5,0,none
2026-06-25_R1360_01,R1360,9,2026-06-25 14:12:53+02:00,2026-06-25 14:13:53+02:00,11,11,11,0,0,0,0,11,5,0,none
2026-06-25_R1360_01,R1360,10,2026-06-25 14:13:53+02:00,2026-06-25 14:15:03+02:00,10,10,10,0,0,0,0,10,5,0,none
2026-06-25_R1360_01,R1360,11,2026-06-25 14:15:03+02:00,2026-06-25 14:15:53+02:00,7,7,7,0,2,2,0,9,5,2,missing_fcnt_gap
2026-06-29_R1181_01,R1181,1,2026-06-29 15:03:20+02:00,2026-06-29 15:03:55+02:00,16,16,16,0,0,0,0,16,5,0,none
2026-06-29_R1181_01,R1181,2,2026-06-29 15:03:55+02:00,2026-06-29 15:04:25+02:00,10,10,10,0,0,0,0,10,5,0,none
2026-06-29_R1181_01,R1181,3,2026-06-29 15:04:25+02:00,2026-06-29 15:04:50+02:00,12,12,12,0,0,0,0,12,5,0,none
2026-06-29_R1181_01,R1181,4,2026-06-29 15:04:50+02:00,2026-06-29 15:05:25+02:00,16,16,16,0,0,0,0,16,5,0,none
2026-06-29_R1181_01,R1181,5,2026-06-29 15:05:25+02:00,2026-06-29 15:05:57+02:00,12,12,12,0,0,0,0,12,5,0,none
2026-06-29_R1181_01,R1181,6,2026-06-29 15:05:57+02:00,2026-06-29 15:06:40+02:00,13,13,13,0,0,0,0,13,5,0,none
2026-06-29_R1181_01,R1181,7,2026-06-29 15:06:40+02:00,2026-06-29 15:08:30+02:00,56,56,56,0,0,0,0,56,5,0,none
2026-06-29_R1181_01,R1181,8,2026-06-29 15:08:30+02:00,2026-06-29 15:09:10+02:00,14,14,14,0,0,0,0,14,5,0,none
2026-06-29_R1181_01,R1181,9,2026-06-29 15:09:10+02:00,2026-06-29 15:10:55+02:00,15,15,15,0,0,0,0,15,5,0,none
2026-06-29_R1181_01,R1181,10,2026-06-29 15:10:55+02:00,2026-06-29 15:11:55+02:00,21,21,21,0,0,0,0,21,5,0,none
2026-06-29_R1181_01,R1181,11,2026-06-29 15:11:55+02:00,2026-06-29 15:12:30+02:00,8,8,8,0,1,1,0,9,5,1,missing_fcnt_gap
2026-06-29_R1191_01,R1191,1,2026-06-29 12:43:20+02:00,2026-06-29 12:44:00+02:00,12,12,12,0,0,0,0,12,5,0,none
2026-06-29_R1191_01,R1191,2,2026-06-29 12:44:00+02:00,2026-06-29 12:44:30+02:00,12,12,12,0,0,0,0,12,5,0,none
2026-06-29_R1191_01,R1191,3,2026-06-29 12:44:30+02:00,2026-06-29 12:45:07+02:00,14,14,14,0,0,0,0,14,5,0,none
2026-06-29_R1191_01,R1191,4,2026-06-29 12:45:07+02:00,2026-06-29 12:45:45+02:00,15,15,15,0,0,0,0,15,5,0,none
2026-06-29_R1191_01,R1191,5,2026-06-29 12:45:45+02:00,2026-06-29 12:46:30+02:00,12,12,12,0,0,0,0,12,5,0,none
2026-06-29_R1191_01,R1191,6,2026-06-29 12:46:30+02:00,2026-06-29 12:47:05+02:00,14,14,14,0,0,0,0,14,5,0,none
2026-06-29_R1191_01,R1191,7,2026-06-29 12:47:05+02:00,2026-06-29 12:48:50+02:00,46,46,46,0,0,0,0,46,5,0,none
2026-06-29_R1191_01,R1191,8,2026-06-29 12:48:50+02:00,2026-06-29 12:49:35+02:00,15,15,15,0,0,0,0,15,5,0,none
2026-06-29_R1191_01,R1191,9,2026-06-29 12:49:35+02:00,2026-06-29 12:50:15+02:00,12,12,12,0,0,0,0,12,5,0,none
2026-06-29_R1191_01,R1191,10,2026-06-29 12:50:15+02:00,2026-06-29 12:50:50+02:00,13,13,13,0,0,0,0,13,5,0,none
2026-06-29_R1191_01,R1191,11,2026-06-29 12:50:50+02:00,2026-06-29 12:51:35+02:00,17,17,17,0,0,0,0,17,5,0,none
2026-06-29_R1193_01,R1193,2,2026-06-29 13:00:01+02:00,2026-06-29 13:00:45+02:00,17,17,17,0,0,0,0,17,5,0,none
2026-06-29_R1193_01,R1193,3,2026-06-29 13:00:45+02:00,2026-06-29 13:01:25+02:00,15,15,15,0,0,0,0,15,5,0,none
2026-06-29_R1193_01,R1193,4,2026-06-29 13:01:25+02:00,2026-06-29 13:02:10+02:00,15,15,15,0,0,0,0,15,5,0,none
2026-06-29_R1193_01,R1193,5,2026-06-29 13:02:10+02:00,2026-06-29 13:02:45+02:00,13,13,13,0,0,0,0,13,5,0,none
2026-06-29_R1193_01,R1193,6,2026-06-29 13:02:45+02:00,2026-06-29 13:03:20+02:00,10,10,10,0,0,0,0,10,5,0,none
2026-06-29_R1193_01,R1193,7,2026-06-29 13:03:20+02:00,2026-06-29 13:04:50+02:00,39,39,39,0,0,0,0,39,5,0,none
2026-06-29_R1193_01,R1193,8,2026-06-29 13:04:50+02:00,2026-06-29 13:05:25+02:00,12,12,12,0,0,0,0,12,5,0,none
2026-06-29_R1193_01,R1193,9,2026-06-29 13:05:25+02:00,2026-06-29 13:06:05+02:00,15,15,15,0,0,0,0,15,5,0,none
2026-06-29_R1193_01,R1193,10,2026-06-29 13:06:05+02:00,2026-06-29 13:06:35+02:00,9,9,9,0,0,0,0,9,5,0,none
2026-06-29_R1193_01,R1193,11,2026-06-29 13:06:35+02:00,2026-06-29 13:07:00+02:00,8,8,8,0,0,0,0,8,5,0,none
2026-06-29_R1197_01,R1197,1,2026-06-29 13:25:30+02:00,2026-06-29 13:26:15+02:00,11,11,11,0,0,0,0,11,5,0,none
2026-06-29_R1197_01,R1197,2,2026-06-29 13:26:15+02:00,2026-06-29 13:26:50+02:00,11,11,11,0,0,0,0,11,5,0,none
2026-06-29_R1197_01,R1197,3,2026-06-29 13:26:50+02:00,2026-06-29 13:27:30+02:00,14,14,14,0,0,0,0,14,5,0,none
2026-06-29_R1197_01,R1197,4,2026-06-29 13:27:30+02:00,2026-06-29 13:28:05+02:00,7,7,7,0,0,0,0,7,5,0,none
2026-06-29_R1197_01,R1197,5,2026-06-29 13:28:05+02:00,2026-06-29 13:28:40+02:00,10,10,10,0,0,0,0,10,5,0,none
2026-06-29_R1197_01,R1197,6,2026-06-29 13:28:40+02:00,2026-06-29 13:29:30+02:00,18,18,18,0,0,0,0,18,5,0,none
2026-06-29_R1197_01,R1197,7,2026-06-29 13:29:30+02:00,2026-06-29 13:30:25+02:00,26,26,26,0,0,0,0,26,5,0,none
2026-06-29_R1197_01,R1197,8,2026-06-29 13:30:25+02:00,2026-06-29 13:31:30+02:00,8,8,8,0,0,0,0,8,5,0,none
2026-06-29_R1197_01,R1197,9,2026-06-29 13:31:30+02:00,2026-06-29 13:32:10+02:00,11,11,11,0,1,1,0,12,5,1,missing_fcnt_gap
2026-06-29_R1197_01,R1197,10,2026-06-29 13:32:10+02:00,2026-06-29 13:32:45+02:00,10,10,10,0,0,0,0,10,5,0,none
2026-06-29_R1197_01,R1197,11,2026-06-29 13:32:45+02:00,2026-06-29 13:33:20+02:00,14,14,14,0,0,0,0,14,5,0,none
2026-06-29_R1332_01,R1332,2,2026-06-29 14:36:20+02:00,2026-06-29 14:37:05+02:00,16,16,16,0,0,0,0,16,5,0,none
2026-06-29_R1332_01,R1332,3,2026-06-29 14:37:05+02:00,2026-06-29 14:37:55+02:00,18,18,18,0,0,0,0,18,5,0,none
2026-06-29_R1332_01,R1332,4,2026-06-29 14:37:55+02:00,2026-06-29 14:38:45+02:00,20,20,20,0,0,0,0,20,5,0,none
2026-06-29_R1332_01,R1332,5,2026-06-29 14:38:45+02:00,2026-06-29 14:39:30+02:00,16,16,16,0,0,0,0,16,5,0,none
2026-06-29_R1332_01,R1332,6,2026-06-29 14:39:30+02:00,2026-06-29 14:40:20+02:00,21,21,21,0,0,0,0,21,5,0,none
2026-06-29_R1332_01,R1332,7,2026-06-29 14:40:20+02:00,2026-06-29 14:41:00+02:00,16,16,16,0,0,0,0,16,5,0,none
2026-06-29_R1332_01,R1332,8,2026-06-29 14:41:00+02:00,2026-06-29 14:41:45+02:00,17,17,17,0,0,0,0,17,5,0,none
2026-06-29_R1332_01,R1332,9,2026-06-29 14:41:45+02:00,2026-06-29 14:42:35+02:00,22,22,22,0,0,0,0,22,5,0,none
2026-06-29_R1332_01,R1332,10,2026-06-29 14:42:35+02:00,2026-06-29 14:43:25+02:00,20,20,20,0,0,0,0,20,5,0,none
2026-06-29_R1332_01,R1332,11,2026-06-29 14:43:25+02:00,2026-06-29 14:44:15+02:00,17,17,17,0,0,0,0,17,5,0,none
2026-06-29_R1336_01,R1336,2,2026-06-29 14:17:10+02:00,2026-06-29 14:18:10+02:00,18,18,18,0,0,0,0,18,5,0,none
2026-06-29_R1336_01,R1336,3,2026-06-29 14:18:10+02:00,2026-06-29 14:19:00+02:00,13,13,13,0,0,0,0,13,5,0,none
2026-06-29_R1336_01,R1336,4,2026-06-29 14:19:00+02:00,2026-06-29 14:19:40+02:00,14,14,14,0,0,0,0,14,5,0,none
2026-06-29_R1336_01,R1336,5,2026-06-29 14:19:40+02:00,2026-06-29 14:20:18+02:00,13,13,13,0,0,0,0,13,5,0,none
2026-06-29_R1336_01,R1336,6,2026-06-29 14:20:18+02:00,2026-06-29 14:20:55+02:00,12,12,12,0,0,0,0,12,5,0,none
2026-06-29_R1336_01,R1336,7,2026-06-29 14:20:55+02:00,2026-06-29 14:21:37+02:00,12,12,12,0,0,0,0,12,5,0,none
2026-06-29_R1336_01,R1336,8,2026-06-29 14:21:37+02:00,2026-06-29 14:22:18+02:00,14,14,14,0,0,0,0,14,5,0,none
2026-06-29_R1336_01,R1336,9,2026-06-29 14:22:18+02:00,2026-06-29 14:23:00+02:00,15,15,15,0,0,0,0,15,5,0,none
2026-06-29_R1336_01,R1336,10,2026-06-29 14:23:00+02:00,2026-06-29 14:23:40+02:00,12,12,12,0,0,0,0,12,5,0,none
2026-06-29_R1336_01,R1336,11,2026-06-29 14:23:40+02:00,2026-06-29 14:25:10+02:00,12,12,12,0,0,0,0,12,5,0,none
2026-06-29_R1340_01,R1340,1,2026-06-29 13:52:30+02:00,2026-06-29 13:53:30+02:00,16,16,16,0,0,0,0,16,5,0,none
2026-06-29_R1340_01,R1340,2,2026-06-29 13:53:30+02:00,2026-06-29 13:54:30+02:00,16,16,16,0,0,0,0,16,5,0,none
2026-06-29_R1340_01,R1340,3,2026-06-29 13:54:30+02:00,2026-06-29 13:55:20+02:00,14,14,14,0,0,0,0,14,5,0,none
2026-06-29_R1340_01,R1340,4,2026-06-29 13:55:20+02:00,2026-06-29 13:56:20+02:00,21,21,21,0,0,0,0,21,5,0,none
2026-06-29_R1340_01,R1340,5,2026-06-29 13:56:20+02:00,2026-06-29 13:57:00+02:00,10,10,10,0,0,0,0,10,5,0,none
2026-06-29_R1340_01,R1340,6,2026-06-29 13:57:00+02:00,2026-06-29 13:57:55+02:00,17,17,17,0,0,0,0,17,5,0,none
2026-06-29_R1340_01,R1340,7,2026-06-29 13:57:55+02:00,2026-06-29 13:59:00+02:00,20,20,20,0,0,0,0,20,5,0,none
2026-06-29_R1340_01,R1340,8,2026-06-29 13:59:00+02:00,2026-06-29 14:00:25+02:00,23,23,23,0,0,0,0,23,5,0,none
2026-06-29_R1340_01,R1340,9,2026-06-29 14:00:25+02:00,2026-06-29 14:01:20+02:00,22,22,22,0,0,0,0,22,5,0,none
2026-06-29_R1340_01,R1340,10,2026-06-29 14:01:20+02:00,2026-06-29 14:02:30+02:00,16,16,16,0,0,0,0,16,5,0,none
2026-06-29_R1340_01,R1340,11,2026-06-29 14:02:30+02:00,2026-06-29 14:03:55+02:00,30,30,30,0,0,0,0,30,5,0,none
2026-06-29_R1344_01,R1344,1,2026-06-29 13:12:50+02:00,2026-06-29 13:13:30+02:00,16,16,16,0,0,0,0,16,5,0,none
2026-06-29_R1344_01,R1344,2,2026-06-29 13:13:30+02:00,2026-06-29 13:14:03+02:00,9,9,9,0,0,0,0,9,5,0,none
2026-06-29_R1344_01,R1344,3,2026-06-29 13:14:03+02:00,2026-06-29 13:14:45+02:00,18,18,18,0,0,0,0,18,5,0,none
2026-06-29_R1344_01,R1344,4,2026-06-29 13:14:45+02:00,2026-06-29 13:15:20+02:00,12,12,12,0,0,0,0,12,5,0,none
2026-06-29_R1344_01,R1344,5,2026-06-29 13:15:20+02:00,2026-06-29 13:15:55+02:00,12,12,12,0,0,0,0,12,5,0,none
2026-06-29_R1344_01,R1344,6,2026-06-29 13:15:55+02:00,2026-06-29 13:16:25+02:00,10,10,10,0,0,0,0,10,5,0,none
2026-06-29_R1344_01,R1344,7,2026-06-29 13:16:25+02:00,2026-06-29 13:17:25+02:00,28,28,28,0,0,0,0,28,5,0,none
2026-06-29_R1344_01,R1344,8,2026-06-29 13:17:25+02:00,2026-06-29 13:17:55+02:00,11,11,11,0,0,0,0,11,5,0,none
2026-06-29_R1344_01,R1344,9,2026-06-29 13:17:55+02:00,2026-06-29 13:18:30+02:00,11,11,11,0,0,0,0,11,5,0,none
2026-06-29_R1344_01,R1344,10,2026-06-29 13:18:30+02:00,2026-06-29 13:19:05+02:00,13,13,13,0,0,0,0,13,5,0,none
2026-06-29_R1344_01,R1344,11,2026-06-29 13:19:05+02:00,2026-06-29 13:19:37+02:00,9,9,9,0,0,0,0,9,5,0,none
2026-06-29_R1348_01,R1348,1,2026-06-29 12:12:12+02:00,2026-06-29 12:14:05+02:00,18,18,18,0,0,0,0,18,5,0,none
2026-06-29_R1348_01,R1348,2,2026-06-29 12:14:05+02:00,2026-06-29 12:14:40+02:00,18,18,18,0,0,0,0,18,5,0,none
2026-06-29_R1348_01,R1348,3,2026-06-29 12:14:40+02:00,2026-06-29 12:15:23+02:00,13,13,13,0,0,0,0,13,5,0,none
2026-06-29_R1348_01,R1348,4,2026-06-29 12:15:23+02:00,2026-06-29 12:16:05+02:00,16,16,16,0,0,0,0,16,5,0,none
2026-06-29_R1348_01,R1348,5,2026-06-29 12:16:05+02:00,2026-06-29 12:16:45+02:00,16,16,16,0,0,0,0,16,5,0,none
2026-06-29_R1348_01,R1348,6,2026-06-29 12:16:45+02:00,2026-06-29 12:17:40+02:00,15,15,15,0,0,0,0,15,5,0,none
2026-06-29_R1348_01,R1348,7,2026-06-29 12:17:40+02:00,2026-06-29 12:18:20+02:00,10,10,10,0,0,0,0,10,5,0,none
2026-06-29_R1348_01,R1348,8,2026-06-29 12:18:20+02:00,2026-06-29 12:19:04+02:00,17,17,17,0,0,0,0,17,5,0,none
2026-06-29_R1348_01,R1348,9,2026-06-29 12:19:04+02:00,2026-06-29 12:19:40+02:00,12,12,12,0,0,0,0,12,5,0,none
2026-06-29_R1348_01,R1348,10,2026-06-29 12:19:40+02:00,2026-06-29 12:20:20+02:00,15,15,15,0,0,0,0,15,5,0,none
2026-06-29_R1348_01,R1348,11,2026-06-29 12:20:20+02:00,2026-06-29 12:21:00+02:00,13,13,13,0,0,0,0,13,5,0,none
2026-06-29_R1350_01,R1350,1,2026-06-29 12:28:00+02:00,2026-06-29 12:28:40+02:00,12,12,12,0,0,0,0,12,5,0,none
2026-06-29_R1350_01,R1350,2,2026-06-29 12:28:40+02:00,2026-06-29 12:29:30+02:00,12,12,12,0,0,0,0,12,5,0,none
2026-06-29_R1350_01,R1350,3,2026-06-29 12:29:30+02:00,2026-06-29 12:30:15+02:00,18,18,18,0,0,0,0,18,5,0,none
2026-06-29_R1350_01,R1350,4,2026-06-29 12:30:15+02:00,2026-06-29 12:30:50+02:00,10,10,10,0,0,0,0,10,5,0,none
2026-06-29_R1350_01,R1350,5,2026-06-29 12:30:50+02:00,2026-06-29 12:31:40+02:00,16,16,16,0,0,0,0,16,5,0,none
2026-06-29_R1350_01,R1350,6,2026-06-29 12:31:40+02:00,2026-06-29 12:32:30+02:00,15,15,15,0,0,0,0,15,5,0,none
2026-06-29_R1350_01,R1350,7,2026-06-29 12:32:30+02:00,2026-06-29 12:34:30+02:00,48,48,48,0,0,0,0,48,5,0,none
2026-06-29_R1350_01,R1350,8,2026-06-29 12:34:30+02:00,2026-06-29 12:35:50+02:00,14,14,14,0,0,0,0,14,5,0,none
2026-06-29_R1350_01,R1350,9,2026-06-29 12:35:50+02:00,2026-06-29 12:36:30+02:00,20,20,20,0,0,0,0,20,5,0,none
2026-06-29_R1350_01,R1350,10,2026-06-29 12:36:30+02:00,2026-06-29 12:37:20+02:00,17,17,17,0,0,0,0,17,5,0,none
2026-06-29_R1350_01,R1350,11,2026-06-29 12:37:20+02:00,2026-06-29 12:38:10+02:00,19,19,19,0,0,0,0,19,5,0,none
2026-06-29_R1368_01,R1368,1,2026-06-29 15:20:10+02:00,2026-06-29 15:21:10+02:00,24,24,24,0,0,0,0,24,5,0,none
2026-06-29_R1368_01,R1368,2,2026-06-29 15:21:10+02:00,2026-06-29 15:21:40+02:00,13,13,13,0,0,0,0,13,5,0,none
2026-06-29_R1368_01,R1368,3,2026-06-29 15:21:40+02:00,2026-06-29 15:22:17+02:00,12,12,12,0,0,0,0,12,5,0,none
2026-06-29_R1368_01,R1368,4,2026-06-29 15:22:17+02:00,2026-06-29 15:22:51+02:00,16,16,16,0,0,0,0,16,5,0,none
2026-06-29_R1368_01,R1368,5,2026-06-29 15:22:51+02:00,2026-06-29 15:23:25+02:00,13,13,13,0,0,0,0,13,5,0,none
2026-06-29_R1368_01,R1368,6,2026-06-29 15:23:25+02:00,2026-06-29 15:24:03+02:00,16,16,16,0,0,0,0,16,5,0,none
2026-06-29_R1368_01,R1368,7,2026-06-29 15:24:03+02:00,2026-06-29 15:25:26+02:00,40,40,40,0,0,0,0,40,5,0,none
2026-06-29_R1368_01,R1368,8,2026-06-29 15:25:26+02:00,2026-06-29 15:26:05+02:00,15,15,15,0,0,0,0,15,5,0,none
2026-06-29_R1368_01,R1368,9,2026-06-29 15:26:05+02:00,2026-06-29 15:26:42+02:00,16,16,16,0,0,0,0,16,5,0,none
2026-06-29_R1368_01,R1368,10,2026-06-29 15:26:42+02:00,2026-06-29 15:27:36+02:00,21,21,21,0,0,0,0,21,5,0,none
2026-06-29_R1368_01,R1368,11,2026-06-29 15:27:36+02:00,2026-06-29 15:28:10+02:00,15,15,15,0,0,0,0,15,5,0,none
2026-06-29_R1376_01,R1376,1,2026-06-29 15:35:45+02:00,2026-06-29 15:36:35+02:00,13,13,13,0,0,0,0,13,5,0,none
2026-06-29_R1376_01,R1376,2,2026-06-29 15:36:35+02:00,2026-06-29 15:37:20+02:00,13,13,13,0,0,0,0,13,5,0,none
2026-06-29_R1376_01,R1376,3,2026-06-29 15:37:20+02:00,2026-06-29 15:37:55+02:00,15,15,15,0,0,0,0,15,5,0,none
2026-06-29_R1376_01,R1376,4,2026-06-29 15:37:55+02:00,2026-06-29 15:38:39+02:00,12,12,12,0,0,0,0,12,5,0,none
2026-06-29_R1376_01,R1376,5,2026-06-29 15:38:39+02:00,2026-06-29 15:39:19+02:00,13,13,13,0,0,0,0,13,5,0,none
2026-06-29_R1376_01,R1376,6,2026-06-29 15:39:19+02:00,2026-06-29 15:40:20+02:00,16,16,16,0,0,0,0,16,5,0,none
2026-06-29_R1376_01,R1376,7,2026-06-29 15:40:20+02:00,2026-06-29 15:41:44+02:00,39,39,39,0,0,0,0,39,5,0,none
2026-06-29_R1376_01,R1376,8,2026-06-29 15:41:44+02:00,2026-06-29 15:42:30+02:00,15,15,15,0,0,0,0,15,5,0,none
2026-06-29_R1376_01,R1376,9,2026-06-29 15:42:30+02:00,2026-06-29 15:43:15+02:00,17,17,17,0,0,0,0,17,5,0,none
2026-06-29_R1376_01,R1376,10,2026-06-29 15:43:15+02:00,2026-06-29 15:44:00+02:00,17,17,17,0,0,0,0,17,5,0,none
2026-06-29_R1376_01,R1376,11,2026-06-29 15:44:00+02:00,2026-06-29 15:44:50+02:00,21,21,21,0,0,0,0,21,5,0,none
2026-06-29_R1386_01,R1386,1,2026-06-29 15:51:40+02:00,2026-06-29 15:52:20+02:00,14,14,14,0,0,0,0,14,5,0,none
2026-06-29_R1386_01,R1386,2,2026-06-29 15:52:20+02:00,2026-06-29 15:52:50+02:00,13,13,13,0,0,0,0,13,5,0,none
2026-06-29_R1386_01,R1386,3,2026-06-29 15:52:50+02:00,2026-06-29 15:53:20+02:00,12,12,12,0,0,0,0,12,5,0,none
2026-06-29_R1386_01,R1386,4,2026-06-29 15:53:20+02:00,2026-06-29 15:54:05+02:00,19,19,19,0,0,0,0,19,5,0,none
2026-06-29_R1386_01,R1386,5,2026-06-29 15:54:05+02:00,2026-06-29 15:54:35+02:00,14,14,14,0,0,0,0,14,5,0,none
2026-06-29_R1386_01,R1386,6,2026-06-29 15:54:35+02:00,2026-06-29 15:55:12+02:00,16,16,16,0,0,0,0,16,5,0,none
2026-06-29_R1386_01,R1386,7,2026-06-29 15:55:12+02:00,2026-06-29 15:56:37+02:00,39,39,39,0,0,0,0,39,5,0,none
2026-06-29_R1386_01,R1386,8,2026-06-29 15:56:37+02:00,2026-06-29 15:57:15+02:00,13,13,13,0,0,0,0,13,5,0,none
2026-06-29_R1386_01,R1386,9,2026-06-29 15:57:15+02:00,2026-06-29 15:57:55+02:00,9,9,9,1,0,1,0,10,5,1,leading_fcnt_gap
2026-06-29_R1386_01,R1386,10,2026-06-29 15:57:55+02:00,2026-06-29 15:58:40+02:00,16,16,16,0,0,0,0,16,5,0,none
2026-06-29_R1386_01,R1386,11,2026-06-29 15:58:40+02:00,2026-06-29 15:59:20+02:00,14,14,14,0,0,0,0,14,5,0,none
2026-06-29_R1396_01,R1396,1,2026-06-29 16:04:55+02:00,2026-06-29 16:05:20+02:00,12,12,12,0,0,0,0,12,5,0,none
2026-06-29_R1396_01,R1396,2,2026-06-29 16:05:20+02:00,2026-06-29 16:05:50+02:00,15,15,15,0,0,0,0,15,5,0,none
2026-06-29_R1396_01,R1396,3,2026-06-29 16:05:50+02:00,2026-06-29 16:06:24+02:00,15,15,15,0,0,0,0,15,5,0,none
2026-06-29_R1396_01,R1396,4,2026-06-29 16:06:24+02:00,2026-06-29 16:06:55+02:00,13,13,13,0,0,0,0,13,5,0,none
2026-06-29_R1396_01,R1396,5,2026-06-29 16:06:55+02:00,2026-06-29 16:07:20+02:00,13,13,13,0,0,0,0,13,5,0,none
2026-06-29_R1396_01,R1396,6,2026-06-29 16:07:20+02:00,2026-06-29 16:07:50+02:00,16,16,16,0,0,0,0,16,5,0,none
2026-06-29_R1396_01,R1396,7,2026-06-29 16:07:50+02:00,2026-06-29 16:09:20+02:00,35,35,35,0,0,0,0,35,5,0,none
2026-06-29_R1396_01,R1396,8,2026-06-29 16:09:20+02:00,2026-06-29 16:09:54+02:00,15,15,15,0,0,0,0,15,5,0,none
2026-06-29_R1396_01,R1396,9,2026-06-29 16:09:54+02:00,2026-06-29 16:10:25+02:00,13,13,13,0,0,0,0,13,5,0,none
2026-06-29_R1396_01,R1396,10,2026-06-29 16:10:25+02:00,2026-06-29 16:10:55+02:00,15,15,15,0,0,0,0,15,5,0,none
2026-06-29_R1396_01,R1396,11,2026-06-29 16:10:55+02:00,2026-06-29 16:11:30+02:00,11,11,11,0,1,1,0,12,5,1,missing_fcnt_gap
2026-06-30_R1090_01,R1090,1,2026-06-30 14:56:45+02:00,2026-06-30 14:57:15+02:00,10,10,10,0,0,0,0,10,5,0,none
2026-06-30_R1090_01,R1090,2,2026-06-30 14:57:15+02:00,2026-06-30 14:57:45+02:00,10,10,10,0,0,0,0,10,5,0,none
2026-06-30_R1090_01,R1090,3,2026-06-30 14:57:45+02:00,2026-06-30 14:58:38+02:00,7,7,7,3,1,4,0,11,5,4,leading_fcnt_gap+missing_fcnt_gap
2026-06-30_R1090_01,R1090,4,2026-06-30 14:58:38+02:00,2026-06-30 14:59:25+02:00,16,16,16,0,0,0,0,16,5,0,none
2026-06-30_R1090_01,R1090,5,2026-06-30 14:59:25+02:00,2026-06-30 15:00:02+02:00,2,2,2,3,0,3,0,5,5,3,leading_fcnt_gap
2026-06-30_R1090_01,R1090,6,2026-06-30 15:00:02+02:00,2026-06-30 15:02:15+02:00,2,2,2,0,0,0,3,5,5,3,minimum_json_window_5_assumed
2026-06-30_R1090_01,R1090,7,2026-06-30 15:02:15+02:00,2026-06-30 15:02:55+02:00,2,2,2,1,0,1,2,5,5,3,leading_fcnt_gap+minimum_json_window_5_assumed
2026-06-30_R1451_01,R1451,1,2026-06-30 14:44:44+02:00,2026-06-30 14:45:30+02:00,14,14,14,0,0,0,0,14,5,0,none
2026-06-30_R1451_01,R1451,2,2026-06-30 14:45:45+02:00,2026-06-30 14:46:15+02:00,9,9,9,0,0,0,0,9,5,0,none
2026-06-30_R1451_01,R1451,3,2026-06-30 14:45:30+02:00,2026-06-30 14:45:45+02:00,4,4,4,0,0,0,1,5,5,1,minimum_json_window_5_assumed
2026-06-30_R1451_01,R1451,4,2026-06-30 14:46:15+02:00,2026-06-30 14:46:45+02:00,4,4,4,1,1,2,0,6,5,2,leading_fcnt_gap+missing_fcnt_gap
2026-06-30_R1451_01,R1451,5,2026-06-30 14:46:45+02:00,2026-06-30 14:47:10+02:00,11,11,11,0,0,0,0,11,5,0,none
2026-06-30_R1451_01,R1451,6,2026-06-30 14:47:10+02:00,2026-06-30 14:48:01+02:00,14,14,14,0,0,0,0,14,5,0,none
2026-06-30_R1451_01,R1451,7,2026-06-30 14:48:01+02:00,2026-06-30 14:49:20+02:00,15,15,15,0,1,1,0,16,5,1,missing_fcnt_gap
2026-06-30_R1451_01,R1451,8,2026-06-30 14:49:20+02:00,2026-06-30 14:50:25+02:00,0,0,0,0,0,0,5,5,5,5,empty_json_window_5_assumed
2026-06-30_R1451_01,R1451,9,2026-06-30 14:50:25+02:00,2026-06-30 14:51:35+02:00,0,0,0,0,0,0,5,5,5,5,empty_json_window_5_assumed
2026-06-30_R1451_01,R1451,10,2026-06-30 14:51:35+02:00,2026-06-30 14:52:05+02:00,0,0,0,0,0,0,5,5,5,5,empty_json_window_5_assumed
2026-06-30_R1451_01,R1451,11,2026-06-30 14:52:05+02:00,2026-06-30 14:52:35+02:00,0,0,0,0,0,0,5,5,5,5,empty_json_window_5_assumed
2026-06-30_R1461_01,R1461,1,2026-06-30 14:23:55+02:00,2026-06-30 14:24:40+02:00,11,11,11,0,0,0,0,11,5,0,none
2026-06-30_R1461_01,R1461,2,2026-06-30 14:24:40+02:00,2026-06-30 14:25:03+02:00,7,7,7,0,0,0,0,7,5,0,none
2026-06-30_R1461_01,R1461,3,2026-06-30 14:25:03+02:00,2026-06-30 14:25:35+02:00,6,6,6,0,0,0,0,6,5,0,none
2026-06-30_R1461_01,R1461,4,2026-06-30 14:25:35+02:00,2026-06-30 14:26:02+02:00,6,6,6,0,1,1,0,7,5,1,missing_fcnt_gap
2026-06-30_R1461_01,R1461,5,2026-06-30 14:26:02+02:00,2026-06-30 14:26:45+02:00,0,0,0,0,0,0,5,5,5,5,empty_json_window_5_assumed
2026-06-30_R1461_01,R1461,6,2026-06-30 14:26:45+02:00,2026-06-30 14:27:13+02:00,6,6,6,0,0,0,0,6,5,0,none
2026-06-30_R1461_01,R1461,7,2026-06-30 14:27:13+02:00,2026-06-30 14:27:50+02:00,3,3,3,3,0,3,0,6,5,3,leading_fcnt_gap
2026-06-30_R1461_01,R1461,8,2026-06-30 14:27:50+02:00,2026-06-30 14:28:35+02:00,0,0,0,0,0,0,5,5,5,5,empty_json_window_5_assumed
2026-06-30_R1461_01,R1461,9,2026-06-30 14:28:35+02:00,2026-06-30 14:29:32+02:00,0,0,0,0,0,0,5,5,5,5,empty_json_window_5_assumed
2026-06-30_R1461_01,R1461,10,2026-06-30 14:29:32+02:00,2026-06-30 14:30:00+02:00,5,5,5,2,0,2,0,7,5,2,leading_fcnt_gap
2026-06-30_R1461_01,R1461,11,2026-06-30 14:30:00+02:00,2026-06-30 14:30:30+02:00,1,1,1,0,0,0,4,5,5,4,minimum_json_window_5_assumed
2026-06-30_R1470_01,R1470,7,2026-06-30 11:46:45+02:00,2026-06-30 11:48:10+02:00,0,0,0,0,0,0,5,5,5,5,empty_json_window_5_assumed
2026-06-30_R1470_01,R1470,11,2026-06-30 11:48:10+02:00,2026-06-30 11:50:18.000001+02:00,20,20,20,0,0,0,0,20,5,0,none
2026-06-30_R1471_01,R1471,1,2026-06-30 14:17:10+02:00,2026-06-30 14:17:32+02:00,7,7,7,0,0,0,0,7,5,0,none
2026-06-30_R1471_01,R1471,2,2026-06-30 14:17:32+02:00,2026-06-30 14:18:03+02:00,5,5,5,1,0,1,0,6,5,1,leading_fcnt_gap
2026-06-30_R1471_01,R1471,3,2026-06-30 14:18:03+02:00,2026-06-30 14:18:25+02:00,4,4,4,0,0,0,1,5,5,1,minimum_json_window_5_assumed
2026-06-30_R1481_01,R1481,1,2026-06-30 14:04:50+02:00,2026-06-30 14:05:15+02:00,9,9,9,0,0,0,0,9,5,0,none
2026-06-30_R1481_01,R1481,2,2026-06-30 14:05:15+02:00,2026-06-30 14:05:37+02:00,1,1,1,1,0,1,3,5,5,4,leading_fcnt_gap+minimum_json_window_5_assumed
2026-06-30_R1481_01,R1481,3,2026-06-30 14:05:37+02:00,2026-06-30 14:06:45+02:00,1,1,1,7,0,7,0,8,5,7,leading_fcnt_gap
2026-06-30_R1481_01,R1481,4,2026-06-30 14:06:45+02:00,2026-06-30 14:07:35+02:00,0,0,0,0,0,0,5,5,5,5,empty_json_window_5_assumed
2026-06-30_R1481_01,R1481,5,2026-06-30 14:07:35+02:00,2026-06-30 14:08:57+02:00,10,10,10,7,0,7,0,17,5,7,leading_fcnt_gap
2026-06-30_R1481_01,R1481,6,2026-06-30 14:08:57+02:00,2026-06-30 14:09:25+02:00,10,10,10,0,1,1,0,11,5,1,missing_fcnt_gap
2026-06-30_R1481_01,R1481,7,2026-06-30 14:09:25+02:00,2026-06-30 14:10:30+02:00,1,1,1,6,0,6,0,7,5,6,leading_fcnt_gap
2026-06-30_R1481_01,R1481,8,2026-06-30 14:10:30+02:00,2026-06-30 14:11:05+02:00,0,0,0,0,0,0,5,5,5,5,empty_json_window_5_assumed
2026-06-30_R1481_01,R1481,9,2026-06-30 14:11:05+02:00,2026-06-30 14:12:37+02:00,0,0,0,0,0,0,5,5,5,5,empty_json_window_5_assumed
2026-06-30_R1481_01,R1481,10,2026-06-30 14:12:37+02:00,2026-06-30 14:13:35+02:00,0,0,0,0,0,0,5,5,5,5,empty_json_window_5_assumed
2026-06-30_R1489_01,R1489,1,2026-06-30 14:00:35+02:00,2026-06-30 14:00:55+02:00,8,8,8,0,0,0,0,8,5,0,none
2026-06-30_R1489_01,R1489,2,2026-06-30 14:00:55+02:00,2026-06-30 14:01:25+02:00,7,7,7,0,0,0,0,7,5,0,none
2026-06-30_R1489_01,R1489,3,2026-06-30 14:01:25+02:00,2026-06-30 14:01:55+02:00,0,0,0,0,0,0,5,5,5,5,empty_json_window_5_assumed
2026-06-30_R1494_01,R1494,1,2026-06-30 13:55:30+02:00,2026-06-30 13:55:50+02:00,8,8,8,0,0,0,0,8,5,0,none
2026-06-30_R1494_01,R1494,2,2026-06-30 13:55:50+02:00,2026-06-30 13:56:20+02:00,1,1,1,2,0,2,2,5,5,4,leading_fcnt_gap+minimum_json_window_5_assumed
2026-06-30_R1494_01,R1494,3,2026-06-30 13:56:20+02:00,2026-06-30 13:56:50+02:00,0,0,0,0,0,0,5,5,5,5,empty_json_window_5_assumed
2026-06-30_R1497_01,R1497,1,2026-06-30 13:49:00+02:00,2026-06-30 13:50:10+02:00,13,13,13,0,0,0,0,13,5,0,none
2026-06-30_R1497_01,R1497,2,2026-06-30 13:50:10+02:00,2026-06-30 13:50:50+02:00,5,5,5,1,0,1,0,6,5,1,leading_fcnt_gap
2026-06-30_R1497_01,R1497,3,2026-06-30 13:50:50+02:00,2026-06-30 13:52:07+02:00,9,9,9,2,0,2,0,11,5,2,leading_fcnt_gap
2026-06-30_R1499_01,R1499,7,2026-06-30 11:56:50+02:00,2026-06-30 11:58:05+02:00,0,0,0,0,0,0,5,5,5,5,empty_json_window_5_assumed
2026-06-30_R1499_01,R1499,11,2026-06-30 11:58:05+02:00,2026-06-30 12:01:05.000001+02:00,10,10,10,0,0,0,0,10,5,0,none
2026-06-30_R1499_02,R1499,1,2026-06-30 13:39:20+02:00,2026-06-30 13:40:15+02:00,17,17,17,0,0,0,0,17,5,0,none
2026-06-30_R1499_02,R1499,2,2026-06-30 13:40:15+02:00,2026-06-30 13:40:50+02:00,2,2,2,1,0,1,2,5,5,3,leading_fcnt_gap+minimum_json_window_5_assumed
2026-06-30_R1499_02,R1499,3,2026-06-30 13:40:50+02:00,2026-06-30 13:41:30+02:00,0,0,0,0,0,0,5,5,5,5,empty_json_window_5_assumed
2026-06-30_R1499_02,R1499,4,2026-06-30 13:41:30+02:00,2026-06-30 13:42:05+02:00,0,0,0,0,0,0,5,5,5,5,empty_json_window_5_assumed
2026-06-30_R1499_02,R1499,5,2026-06-30 13:42:05+02:00,2026-06-30 13:42:30+02:00,0,0,0,0,0,0,5,5,5,5,empty_json_window_5_assumed
2026-06-30_R1499_02,R1499,6,2026-06-30 13:42:30+02:00,2026-06-30 13:43:03+02:00,0,0,0,0,0,0,5,5,5,5,empty_json_window_5_assumed
2026-06-30_R1499_02,R1499,7,2026-06-30 13:43:03+02:00,2026-06-30 13:45:07+02:00,0,0,0,0,0,0,5,5,5,5,empty_json_window_5_assumed
2026-06-30_R1501_01,R1501,1,2026-06-30 12:29:35+02:00,2026-06-30 12:31:07+02:00,6,6,6,0,1,1,0,7,5,1,missing_fcnt_gap
2026-06-30_R1501_01,R1501,7,2026-06-30 12:31:07+02:00,2026-06-30 12:31:12+02:00,0,0,0,0,0,0,5,5,5,5,empty_json_window_5_assumed
2026-06-30_R1503_01,R1503,1,2026-06-30 12:23:15+02:00,2026-06-30 12:26:20+02:00,9,9,9,0,0,0,0,9,5,0,none
2026-06-30_R1503_01,R1503,7,2026-06-30 12:26:20+02:00,2026-06-30 12:26:25+02:00,0,0,0,0,0,0,5,5,5,5,empty_json_window_5_assumed
2026-06-30_R1505_01,R1505,1,2026-06-30 12:18:20+02:00,2026-06-30 12:19:50+02:00,8,8,8,0,0,0,0,8,5,0,none
2026-06-30_R1505_01,R1505,11,2026-06-30 12:19:50+02:00,2026-06-30 12:19:55+02:00,0,0,0,0,0,0,5,5,5,5,empty_json_window_5_assumed
2026-07-02_R1090_02,R1090,1,2026-07-02 10:53:10+02:00,2026-07-02 10:53:40+02:00,12,12,12,0,0,0,0,12,5,0,none
2026-07-02_R1090_02,R1090,2,2026-07-02 10:53:40+02:00,2026-07-02 10:54:45+02:00,20,20,20,0,0,0,0,20,5,0,none
2026-07-02_R1090_02,R1090,3,2026-07-02 10:54:45+02:00,2026-07-02 10:55:15+02:00,0,0,0,0,0,0,5,5,5,5,empty_json_window_5_assumed
2026-07-02_R1090_02,R1090,4,2026-07-02 10:55:15+02:00,2026-07-02 10:55:58+02:00,0,0,0,0,0,0,5,5,5,5,empty_json_window_5_assumed
2026-07-02_R1090_02,R1090,5,2026-07-02 10:55:58+02:00,2026-07-02 10:56:37+02:00,4,4,4,0,4,4,0,8,5,4,missing_fcnt_gap
2026-07-02_R1090_02,R1090,6,2026-07-02 10:56:37+02:00,2026-07-02 10:57:15+02:00,4,4,4,0,1,1,0,5,5,1,missing_fcnt_gap
2026-07-02_R1090_02,R1090,7,2026-07-02 10:57:15+02:00,2026-07-02 10:57:50+02:00,0,0,0,0,0,0,5,5,5,5,empty_json_window_5_assumed
2026-07-02_R1090_02,R1090,8,2026-07-02 10:57:50+02:00,2026-07-02 10:58:35+02:00,1,1,1,4,0,4,0,5,5,4,leading_fcnt_gap
2026-07-02_R1090_02,R1090,9,2026-07-02 10:58:35+02:00,2026-07-02 10:59:33+02:00,0,0,0,0,0,0,5,5,5,5,empty_json_window_5_assumed
2026-07-02_R1090_02,R1090,10,2026-07-02 10:59:33+02:00,2026-07-02 11:00:20+02:00,0,0,0,0,0,0,5,5,5,5,empty_json_window_5_assumed
2026-07-02_R1090_02,R1090,11,2026-07-02 11:00:20+02:00,2026-07-02 11:00:53+02:00,0,0,0,0,0,0,5,5,5,5,empty_json_window_5_assumed
2026-07-02_R1100_01,R1100,1,2026-07-02 13:28:50+02:00,2026-07-02 13:29:40+02:00,17,17,17,0,0,0,0,17,5,0,none
2026-07-02_R1100_01,R1100,2,2026-07-02 13:29:40+02:00,2026-07-02 13:30:25+02:00,8,8,8,0,1,1,0,9,5,1,missing_fcnt_gap
2026-07-02_R1100_01,R1100,3,2026-07-02 13:30:25+02:00,2026-07-02 13:31:07+02:00,8,8,8,1,1,2,0,10,5,2,leading_fcnt_gap+missing_fcnt_gap
2026-07-02_R1100_01,R1100,4,2026-07-02 13:31:07+02:00,2026-07-02 13:32:45+02:00,9,9,9,0,2,2,0,11,5,2,missing_fcnt_gap
2026-07-02_R1100_01,R1100,5,2026-07-02 13:32:45+02:00,2026-07-02 13:34:05+02:00,10,10,10,0,2,2,0,12,5,2,missing_fcnt_gap
2026-07-02_R1100_01,R1100,6,2026-07-02 13:34:05+02:00,2026-07-02 13:35:00+02:00,13,13,13,0,1,1,0,14,5,1,missing_fcnt_gap
2026-07-02_R1100_01,R1100,7,2026-07-02 13:35:00+02:00,2026-07-02 13:36:20+02:00,2,2,2,7,0,7,0,9,5,7,leading_fcnt_gap
2026-07-02_R1100_01,R1100,8,2026-07-02 13:36:20+02:00,2026-07-02 13:37:03+02:00,8,8,8,1,0,1,0,9,5,1,leading_fcnt_gap
2026-07-02_R1100_01,R1100,9,2026-07-02 13:37:03+02:00,2026-07-02 13:37:40+02:00,0,0,0,0,0,0,5,5,5,5,empty_json_window_5_assumed
2026-07-02_R1100_01,R1100,10,2026-07-02 13:37:40+02:00,2026-07-02 13:38:26+02:00,0,0,0,0,0,0,5,5,5,5,empty_json_window_5_assumed
2026-07-02_R1100_01,R1100,11,2026-07-02 13:38:26+02:00,2026-07-02 13:39:17+02:00,0,0,0,0,0,0,5,5,5,5,empty_json_window_5_assumed
2026-07-02_R1110_01,R1110,1,2026-07-02 11:10:45+02:00,2026-07-02 11:11:20+02:00,14,14,14,0,0,0,0,14,5,0,none
2026-07-02_R1110_01,R1110,2,2026-07-02 11:11:20+02:00,2026-07-02 11:11:55+02:00,11,11,11,0,1,1,0,12,5,1,missing_fcnt_gap
2026-07-02_R1110_01,R1110,3,2026-07-02 11:11:55+02:00,2026-07-02 11:12:37+02:00,8,8,8,0,0,0,0,8,5,0,none
2026-07-02_R1110_01,R1110,4,2026-07-02 11:12:37+02:00,2026-07-02 11:13:15+02:00,11,11,11,1,0,1,0,12,5,1,leading_fcnt_gap
2026-07-02_R1110_01,R1110,5,2026-07-02 11:13:15+02:00,2026-07-02 11:13:45+02:00,6,6,6,0,1,1,0,7,5,1,missing_fcnt_gap
2026-07-02_R1110_01,R1110,6,2026-07-02 11:13:45+02:00,2026-07-02 11:14:20+02:00,0,0,0,0,0,0,5,5,5,5,empty_json_window_5_assumed
2026-07-02_R1110_01,R1110,7,2026-07-02 11:14:20+02:00,2026-07-02 11:16:15+02:00,3,3,3,0,12,12,0,15,5,12,missing_fcnt_gap
2026-07-02_R1110_01,R1110,8,2026-07-02 11:16:15+02:00,2026-07-02 11:16:50+02:00,2,2,2,3,0,3,0,5,5,3,leading_fcnt_gap
2026-07-02_R1110_01,R1110,9,2026-07-02 11:16:50+02:00,2026-07-02 11:17:33+02:00,0,0,0,0,0,0,5,5,5,5,empty_json_window_5_assumed
2026-07-02_R1110_01,R1110,10,2026-07-02 11:17:33+02:00,2026-07-02 11:18:03+02:00,1,1,1,2,0,2,2,5,5,4,leading_fcnt_gap+minimum_json_window_5_assumed
2026-07-02_R1110_01,R1110,11,2026-07-02 11:18:03+02:00,2026-07-02 11:18:40+02:00,1,1,1,2,0,2,2,5,5,4,leading_fcnt_gap+minimum_json_window_5_assumed
2026-07-02_R1140_01,R1140,7,2026-07-02 12:03:20+02:00,2026-07-02 12:04:45+02:00,36,36,36,0,0,0,0,36,5,0,none
2026-07-02_R1140_01,R1140,8,2026-07-02 12:04:45+02:00,2026-07-02 12:05:17+02:00,14,14,14,0,0,0,0,14,5,0,none
2026-07-02_R1140_01,R1140,9,2026-07-02 12:05:17+02:00,2026-07-02 12:06:10+02:00,22,22,22,0,0,0,0,22,5,0,none
2026-07-02_R1140_01,R1140,10,2026-07-02 12:06:10+02:00,2026-07-02 12:06:40+02:00,6,6,6,0,0,0,0,6,5,0,none
2026-07-02_R1140_01,R1140,11,2026-07-02 12:06:40+02:00,2026-07-02 12:07:07+02:00,10,10,10,0,0,0,0,10,5,0,none
2026-07-02_R1150_01,R1150,1,2026-07-02 12:11:50+02:00,2026-07-02 12:12:20+02:00,13,13,13,0,0,0,0,13,5,0,none
2026-07-02_R1150_01,R1150,2,2026-07-02 12:12:20+02:00,2026-07-02 12:12:50+02:00,14,14,14,0,0,0,0,14,5,0,none
2026-07-02_R1150_01,R1150,3,2026-07-02 12:12:50+02:00,2026-07-02 12:13:35+02:00,16,16,16,0,0,0,0,16,5,0,none
2026-07-02_R1150_01,R1150,4,2026-07-02 12:13:35+02:00,2026-07-02 12:14:15+02:00,15,15,15,0,0,0,0,15,5,0,none
2026-07-02_R1150_01,R1150,5,2026-07-02 12:14:15+02:00,2026-07-02 12:14:55+02:00,14,14,14,0,0,0,0,14,5,0,none
2026-07-02_R1150_01,R1150,6,2026-07-02 12:14:55+02:00,2026-07-02 12:15:25+02:00,11,11,11,0,0,0,0,11,5,0,none
2026-07-02_R1150_01,R1150,7,2026-07-02 12:15:25+02:00,2026-07-02 12:17:22+02:00,51,51,51,0,0,0,0,51,5,0,none
2026-07-02_R1150_01,R1150,8,2026-07-02 12:17:22+02:00,2026-07-02 12:17:59+02:00,15,15,15,0,0,0,0,15,5,0,none
2026-07-02_R1150_01,R1150,9,2026-07-02 12:17:59+02:00,2026-07-02 12:18:35+02:00,12,12,12,0,0,0,0,12,5,0,none
2026-07-02_R1150_01,R1150,10,2026-07-02 12:18:35+02:00,2026-07-02 12:19:02+02:00,8,8,8,0,0,0,0,8,5,0,none
2026-07-02_R1150_01,R1150,11,2026-07-02 12:19:02+02:00,2026-07-02 12:19:35+02:00,14,14,14,0,0,0,0,14,5,0,none
2026-07-02_R1159_01,R1159,1,2026-07-02 13:53:35+02:00,2026-07-02 13:54:20+02:00,15,15,15,0,0,0,0,15,5,0,none
2026-07-02_R1159_01,R1159,2,2026-07-02 13:54:20+02:00,2026-07-02 13:54:58+02:00,15,15,15,0,0,0,0,15,5,0,none
2026-07-02_R1159_01,R1159,3,2026-07-02 13:54:58+02:00,2026-07-02 13:55:38+02:00,14,14,14,0,0,0,0,14,5,0,none
2026-07-02_R1159_01,R1159,4,2026-07-02 13:55:38+02:00,2026-07-02 13:56:25+02:00,16,16,16,0,0,0,0,16,5,0,none
2026-07-02_R1159_01,R1159,5,2026-07-02 13:56:25+02:00,2026-07-02 13:57:10+02:00,15,15,15,0,0,0,0,15,5,0,none
2026-07-02_R1159_01,R1159,6,2026-07-02 13:57:10+02:00,2026-07-02 13:57:50+02:00,15,15,15,0,0,0,0,15,5,0,none
2026-07-02_R1159_01,R1159,7,2026-07-02 13:57:50+02:00,2026-07-02 14:00:21+02:00,79,79,79,0,0,0,0,79,5,0,none
2026-07-02_R1159_01,R1159,8,2026-07-02 14:00:21+02:00,2026-07-02 14:01:10+02:00,10,10,10,0,1,1,0,11,5,1,missing_fcnt_gap
2026-07-02_R1159_01,R1159,9,2026-07-02 14:01:10+02:00,2026-07-02 14:01:50+02:00,17,17,17,0,0,0,0,17,5,0,none
2026-07-02_R1159_01,R1159,10,2026-07-02 14:01:50+02:00,2026-07-02 14:02:30+02:00,8,8,8,1,1,2,0,10,5,2,leading_fcnt_gap+missing_fcnt_gap
2026-07-02_R1159_01,R1159,11,2026-07-02 14:02:30+02:00,2026-07-02 14:03:20+02:00,16,16,16,0,1,1,0,17,5,1,missing_fcnt_gap
2026-07-02_R1170_01,R1170,1,2026-07-02 12:24:30+02:00,2026-07-02 12:25:03+02:00,10,10,10,0,0,0,0,10,5,0,none
2026-07-02_R1170_01,R1170,2,2026-07-02 12:25:03+02:00,2026-07-02 12:25:35+02:00,13,13,13,0,0,0,0,13,5,0,none
2026-07-02_R1170_01,R1170,3,2026-07-02 12:25:35+02:00,2026-07-02 12:26:10+02:00,13,13,13,0,0,0,0,13,5,0,none
2026-07-02_R1170_01,R1170,4,2026-07-02 12:26:10+02:00,2026-07-02 12:26:40+02:00,11,11,11,0,0,0,0,11,5,0,none
2026-07-02_R1170_01,R1170,5,2026-07-02 12:26:40+02:00,2026-07-02 12:27:12+02:00,11,11,11,0,0,0,0,11,5,0,none
2026-07-02_R1170_01,R1170,6,2026-07-02 12:27:12+02:00,2026-07-02 12:28:00+02:00,16,16,16,0,0,0,0,16,5,0,none
2026-07-02_R1170_01,R1170,7,2026-07-02 12:28:00+02:00,2026-07-02 12:30:10+02:00,63,63,63,0,0,0,0,63,5,0,none
2026-07-02_R1170_01,R1170,8,2026-07-02 12:30:10+02:00,2026-07-02 12:30:55+02:00,16,16,16,0,0,0,0,16,5,0,none
2026-07-02_R1170_01,R1170,9,2026-07-02 12:30:55+02:00,2026-07-02 12:31:25+02:00,13,13,13,0,0,0,0,13,5,0,none
2026-07-02_R1170_01,R1170,10,2026-07-02 12:31:25+02:00,2026-07-02 12:32:03+02:00,15,15,15,0,0,0,0,15,5,0,none
2026-07-02_R1170_01,R1170,11,2026-07-02 12:32:03+02:00,2026-07-02 12:32:37+02:00,5,5,5,0,1,1,0,6,5,1,missing_fcnt_gap
2026-07-02_R1360_02,R1360,1,2026-07-02 15:23:48+02:00,2026-07-02 15:24:23+02:00,0,0,0,0,0,0,5,5,5,5,empty_json_window_5_assumed
2026-07-02_R1360_02,R1360,2,2026-07-02 15:24:23+02:00,2026-07-02 15:25:04+02:00,17,17,17,0,0,0,0,17,5,0,none
2026-07-02_R1360_02,R1360,3,2026-07-02 15:25:04+02:00,2026-07-02 15:25:51+02:00,18,18,18,0,0,0,0,18,5,0,none
2026-07-02_R1360_02,R1360,4,2026-07-02 15:25:51+02:00,2026-07-02 15:26:23+02:00,9,9,9,0,0,0,0,9,5,0,none
2026-07-02_R1360_02,R1360,5,2026-07-02 15:26:23+02:00,2026-07-02 15:27:03+02:00,15,15,15,0,0,0,0,15,5,0,none
2026-07-02_R1360_02,R1360,6,2026-07-02 15:27:03+02:00,2026-07-02 15:27:48+02:00,17,17,17,0,0,0,0,17,5,0,none
2026-07-02_R1360_02,R1360,7,2026-07-02 15:27:48+02:00,2026-07-02 15:29:58+02:00,54,54,54,0,0,0,0,54,5,0,none
2026-07-02_R1360_02,R1360,8,2026-07-02 15:29:58+02:00,2026-07-02 15:30:33+02:00,16,16,16,0,0,0,0,16,5,0,none
2026-07-02_R1360_02,R1360,9,2026-07-02 15:30:33+02:00,2026-07-02 15:31:09+02:00,16,16,16,0,0,0,0,16,5,0,none
2026-07-02_R1360_02,R1360,10,2026-07-02 15:31:09+02:00,2026-07-02 15:31:48+02:00,15,15,15,0,0,0,0,15,5,0,none
2026-07-02_R1360_02,R1360,11,2026-07-02 15:31:48+02:00,2026-07-02 15:32:25+02:00,1,1,1,1,0,1,3,5,5,4,leading_fcnt_gap+minimum_json_window_5_assumed
2026-07-02_R1411_01,R1411,1,2026-07-02 15:06:30+02:00,2026-07-02 15:07:25+02:00,15,15,15,0,0,0,0,15,5,0,none
2026-07-02_R1411_01,R1411,2,2026-07-02 15:07:25+02:00,2026-07-02 15:07:54+02:00,14,14,14,0,0,0,0,14,5,0,none
2026-07-02_R1411_01,R1411,3,2026-07-02 15:07:54+02:00,2026-07-02 15:08:25+02:00,13,13,13,0,0,0,0,13,5,0,none
2026-07-02_R1411_01,R1411,4,2026-07-02 15:08:25+02:00,2026-07-02 15:08:53+02:00,14,14,14,0,0,0,0,14,5,0,none
2026-07-02_R1411_01,R1411,5,2026-07-02 15:08:53+02:00,2026-07-02 15:09:27+02:00,16,16,16,0,0,0,0,16,5,0,none
2026-07-02_R1411_01,R1411,6,2026-07-02 15:09:27+02:00,2026-07-02 15:09:50+02:00,8,8,8,0,0,0,0,8,5,0,none
2026-07-02_R1411_01,R1411,7,2026-07-02 15:09:50+02:00,2026-07-02 15:12:33+02:00,69,69,69,0,0,0,0,69,5,0,none
2026-07-02_R1411_01,R1411,8,2026-07-02 15:12:33+02:00,2026-07-02 15:12:55+02:00,3,3,3,0,0,0,2,5,5,2,minimum_json_window_5_assumed
2026-07-02_R1411_01,R1411,9,2026-07-02 15:12:55+02:00,2026-07-02 15:13:25+02:00,3,3,3,1,1,2,0,5,5,2,leading_fcnt_gap+missing_fcnt_gap
2026-07-02_R1411_01,R1411,10,2026-07-02 15:13:25+02:00,2026-07-02 15:14:00+02:00,12,12,12,0,1,1,0,13,5,1,missing_fcnt_gap
2026-07-02_R1411_01,R1411,11,2026-07-02 15:14:00+02:00,2026-07-02 15:14:35+02:00,0,0,0,0,0,0,5,5,5,5,empty_json_window_5_assumed
2026-07-02_R1420_01,R1420,1,2026-07-02 14:12:30+02:00,2026-07-02 14:13:10+02:00,13,13,13,0,0,0,0,13,5,0,none
2026-07-02_R1420_01,R1420,2,2026-07-02 14:13:10+02:00,2026-07-02 14:13:50+02:00,15,15,15,0,0,0,0,15,5,0,none
2026-07-02_R1420_01,R1420,3,2026-07-02 14:13:50+02:00,2026-07-02 14:14:27+02:00,14,14,14,0,0,0,0,14,5,0,none
2026-07-02_R1420_01,R1420,4,2026-07-02 14:14:27+02:00,2026-07-02 14:15:04+02:00,17,17,17,0,0,0,0,17,5,0,none
2026-07-02_R1420_01,R1420,5,2026-07-02 14:15:04+02:00,2026-07-02 14:18:30+02:00,11,11,11,0,3,3,0,14,5,3,missing_fcnt_gap
2026-07-02_R1420_01,R1420,6,2026-07-02 14:18:30+02:00,2026-07-02 14:19:10+02:00,16,16,16,0,0,0,0,16,5,0,none
2026-07-02_R1420_01,R1420,7,2026-07-02 14:19:10+02:00,2026-07-02 14:21:50+02:00,7,7,7,0,15,15,0,22,5,15,missing_fcnt_gap
2026-07-02_R1420_01,R1420,8,2026-07-02 14:21:50+02:00,2026-07-02 14:22:25+02:00,9,9,9,1,0,1,0,10,5,1,leading_fcnt_gap
2026-07-02_R1420_01,R1420,9,2026-07-02 14:22:25+02:00,2026-07-02 14:23:00+02:00,2,2,2,3,0,3,0,5,5,3,leading_fcnt_gap
2026-07-02_R1420_01,R1420,10,2026-07-02 14:23:00+02:00,2026-07-02 14:23:45+02:00,2,2,2,0,3,3,0,5,5,3,missing_fcnt_gap
2026-07-02_R1420_01,R1420,11,2026-07-02 14:23:45+02:00,2026-07-02 14:25:31+02:00,1,1,1,10,0,10,0,11,5,10,leading_fcnt_gap
2026-07-02_R1433_01,R1433,1,2026-07-02 14:28:35+02:00,2026-07-02 14:29:20+02:00,15,15,15,0,0,0,0,15,5,0,none
2026-07-02_R1433_01,R1433,2,2026-07-02 14:29:20+02:00,2026-07-02 14:30:05+02:00,17,17,17,0,0,0,0,17,5,0,none
2026-07-02_R1433_01,R1433,3,2026-07-02 14:30:05+02:00,2026-07-02 14:30:43+02:00,15,15,15,0,0,0,0,15,5,0,none
2026-07-02_R1433_01,R1433,4,2026-07-02 14:30:43+02:00,2026-07-02 14:31:27+02:00,16,16,16,0,0,0,0,16,5,0,none
2026-07-02_R1433_01,R1433,5,2026-07-02 14:31:27+02:00,2026-07-02 14:32:03+02:00,14,14,14,0,0,0,0,14,5,0,none
2026-07-02_R1433_01,R1433,6,2026-07-02 14:32:03+02:00,2026-07-02 14:32:43+02:00,15,15,15,0,0,0,0,15,5,0,none
2026-07-02_R1433_01,R1433,7,2026-07-02 14:32:43+02:00,2026-07-02 14:34:45+02:00,4,4,4,1,10,11,0,15,5,11,leading_fcnt_gap+missing_fcnt_gap
2026-07-02_R1433_01,R1433,8,2026-07-02 14:34:45+02:00,2026-07-02 14:35:23+02:00,11,11,11,0,1,1,0,12,5,1,missing_fcnt_gap
2026-07-02_R1433_01,R1433,9,2026-07-02 14:35:23+02:00,2026-07-02 14:36:00+02:00,2,2,2,4,0,4,0,6,5,4,leading_fcnt_gap
2026-07-02_R1433_01,R1433,10,2026-07-02 14:36:00+02:00,2026-07-02 14:36:37+02:00,2,2,2,0,0,0,3,5,5,3,minimum_json_window_5_assumed
2026-07-02_R1433_01,R1433,11,2026-07-02 14:36:37+02:00,2026-07-02 14:37:30+02:00,0,0,0,0,0,0,5,5,5,5,empty_json_window_5_assumed
2026-07-02_R1441_01,R1441,1,2026-07-02 14:42:45+02:00,2026-07-02 14:43:20+02:00,16,16,16,0,0,0,0,16,5,0,none
2026-07-02_R1441_01,R1441,2,2026-07-02 14:43:20+02:00,2026-07-02 14:44:00+02:00,15,15,15,0,0,0,0,15,5,0,none
2026-07-02_R1441_01,R1441,3,2026-07-02 14:44:00+02:00,2026-07-02 14:44:35+02:00,5,5,5,0,2,2,0,7,5,2,missing_fcnt_gap
2026-07-02_R1441_01,R1441,4,2026-07-02 14:44:35+02:00,2026-07-02 14:45:10+02:00,16,16,16,0,0,0,0,16,5,0,none
2026-07-02_R1441_01,R1441,5,2026-07-02 14:45:10+02:00,2026-07-02 14:45:45+02:00,3,3,3,3,0,3,0,6,5,3,leading_fcnt_gap
2026-07-02_R1441_01,R1441,6,2026-07-02 14:45:45+02:00,2026-07-02 14:46:25+02:00,12,12,12,0,0,0,0,12,5,0,none
2026-07-02_R1441_01,R1441,7,2026-07-02 14:46:25+02:00,2026-07-02 14:46:55+02:00,1,1,1,0,0,0,4,5,5,4,minimum_json_window_5_assumed
2026-07-02_R1441_01,R1441,8,2026-07-02 14:46:55+02:00,2026-07-02 14:47:40+02:00,2,2,2,0,0,0,3,5,5,3,minimum_json_window_5_assumed
2026-07-02_R1441_01,R1441,9,2026-07-02 14:47:40+02:00,2026-07-02 14:48:20+02:00,0,0,0,0,0,0,5,5,5,5,empty_json_window_5_assumed
2026-07-02_R1441_01,R1441,10,2026-07-02 14:48:20+02:00,2026-07-02 14:48:50+02:00,0,0,0,0,0,0,5,5,5,5,empty_json_window_5_assumed
2026-07-02_R1441_01,R1441,11,2026-07-02 14:48:50+02:00,2026-07-02 14:49:20+02:00,0,0,0,0,0,0,5,5,5,5,empty_json_window_5_assumed
2026-07-02_R1451_02,R1451,1,2026-07-02 10:31:15+02:00,2026-07-02 10:32:03+02:00,12,12,12,0,0,0,0,12,5,0,none
2026-07-02_R1451_02,R1451,2,2026-07-02 10:32:03+02:00,2026-07-02 10:32:45+02:00,18,18,18,0,0,0,0,18,5,0,none
2026-07-02_R1451_02,R1451,3,2026-07-02 10:32:45+02:00,2026-07-02 10:33:20+02:00,16,16,16,0,0,0,0,16,5,0,none
2026-07-02_R1451_02,R1451,4,2026-07-02 10:33:20+02:00,2026-07-02 10:34:45+02:00,22,22,22,0,2,2,0,24,5,2,missing_fcnt_gap
2026-07-02_R1451_02,R1451,5,2026-07-02 10:34:45+02:00,2026-07-02 10:35:15+02:00,12,12,12,0,0,0,0,12,5,0,none
2026-07-02_R1451_02,R1451,6,2026-07-02 10:35:15+02:00,2026-07-02 10:35:55+02:00,1,1,1,3,0,3,1,5,5,4,leading_fcnt_gap+minimum_json_window_5_assumed
2026-07-02_R1451_02,R1451,7,2026-07-02 10:35:55+02:00,2026-07-02 10:37:35+02:00,2,2,2,10,0,10,0,12,5,10,leading_fcnt_gap
2026-07-02_R1451_02,R1451,8,2026-07-02 10:37:35+02:00,2026-07-02 10:38:25+02:00,0,0,0,0,0,0,5,5,5,5,empty_json_window_5_assumed
2026-07-02_R1451_02,R1451,9,2026-07-02 10:38:25+02:00,2026-07-02 10:38:59+02:00,0,0,0,0,0,0,5,5,5,5,empty_json_window_5_assumed
2026-07-02_R1451_02,R1451,10,2026-07-02 10:38:59+02:00,2026-07-02 10:39:47+02:00,0,0,0,0,0,0,5,5,5,5,empty_json_window_5_assumed
2026-07-02_R1451_02,R1451,11,2026-07-02 10:39:47+02:00,2026-07-02 10:40:40+02:00,0,0,0,0,0,0,5,5,5,5,empty_json_window_5_assumed
